상품명,가격,행사 정보,이미지 주소
칫솔엑스퍼트7토탈케어,"3,900 ",ONE_PLUS_ONE,https://www.emart24.co.kr/image/NDQ0MzM=
칫솔고탄력초극세모(1입),"2,900 ",ONE_PLUS_ONE,https://www.emart24.co.kr/image/NDQ0MzQ=
칫솔크로스액션초미세모,"3,900 ",ONE_PLUS_ONE,https://www.emart24.co.kr/image/NDQ0MzU=
미셀라클렌징시트 모이스트10매,"3,800 ",ONE_PLUS_ONE,https://www.emart24.co.kr/image/NDQ0MDk=
칫솔센시티브클린,"1,800 ",ONE_PLUS_ONE,https://www.emart24.co.kr/image/NDQ0MzI=
스킨텍플렉스볼면도기,"26,700 ",ONE_PLUS_ONE,https://www.emart24.co.kr/image/NDQ0MzA=
프로글라이드플렉스볼파워면도기,"31,700 ",ONE_PLUS_ONE,https://www.emart24.co.kr/image/NDQ0MzE=
PACE6면도기,"2,500 ",ONE_PLUS_ONE,https://www.emart24.co.kr/image/NDQ0MDg=
칫솔센서티브어드벤스,"3,000 ",ONE_PLUS_ONE,https://www.emart24.co.kr/image/NDQ0MTQ=
함빛극손상케어샴푸400ml,"14,000 ",ONE_PLUS_ONE,https://www.emart24.co.kr/image/NDQ0MTI=
칫솔오리지날탄력모,"2,800 ",ONE_PLUS_ONE,https://www.emart24.co.kr/image/NDQ0MjU=
키즈가글250ml딸기맛(브레드),"5,800 ",ONE_PLUS_ONE,https://www.emart24.co.kr/image/NDQ0Mjk=
키즈가글250ml바나나맛(브레드),"5,800 ",ONE_PLUS_ONE,https://www.emart24.co.kr/image/NDQ0Mjc=
말랑카우버블핸드워시300ml,"7,900 ",ONE_PLUS_ONE,https://www.emart24.co.kr/image/NDQ0Mjg=
칫솔더블액션플러스,"2,000 ",ONE_PLUS_ONE,https://www.emart24.co.kr/image/NDQ0MjI=
바이오후레쉬요거민트치약125g,"3,900 ",ONE_PLUS_ONE,https://www.emart24.co.kr/image/NDQ0MjA=
치약오리지날125g,"4,000 ",ONE_PLUS_ONE,https://www.emart24.co.kr/image/NDQ0MjY=
샴푸데미지250g,"5,500 ",ONE_PLUS_ONE,https://www.emart24.co.kr/image/NDQ0MjM=
린스데미지250g,"5,500 ",ONE_PLUS_ONE,https://www.emart24.co.kr/image/NDQ0MjQ=
치약진지발리스오리지날125g,"3,900 ",ONE_PLUS_ONE,https://www.emart24.co.kr/image/NDQ0MjE=
뉴트리플랜흰살참치와치즈160g,"1,800 ",ONE_PLUS_ONE,https://www.emart24.co.kr/image/NDQ0NDg=
코튼풋샴푸레몬향385ml,"11,900 ",ONE_PLUS_ONE,https://www.emart24.co.kr/image/NDQzODI=
간편염색(자연갈색),"9,900 ",ONE_PLUS_ONE,https://www.emart24.co.kr/image/NDQzOTA=
간편염색(흑갈색),"9,900 ",ONE_PLUS_ONE,https://www.emart24.co.kr/image/NDQzOTE=
실크베이비파우더샴푸400ml,"11,900 ",ONE_PLUS_ONE,https://www.emart24.co.kr/image/NDQzNzk=
두피스케일링샴푸500ml,"15,600 ",ONE_PLUS_ONE,https://www.emart24.co.kr/image/NDQzNzM=
더내추럴클렌징폼레몬200G(F),"7,900 ",ONE_PLUS_ONE,https://www.emart24.co.kr/image/NDQzOTk=
더내추럴클렌징폼아보카도200G(F),"7,900 ",ONE_PLUS_ONE,https://www.emart24.co.kr/image/NDQ0MDE=
리얼모이스처아몬드바디워시900g(F),"8,900 ",ONE_PLUS_ONE,https://www.emart24.co.kr/image/NDQzOTQ=
리얼모이스처피오니바디워시900g(F),"8,900 ",ONE_PLUS_ONE,https://www.emart24.co.kr/image/NDQzOTY=
리얼모이스처웜코튼바디워시900g(F),"8,900 ",ONE_PLUS_ONE,https://www.emart24.co.kr/image/NDQzOTg=
페리오토탈7칫솔4입(힘있는미세모),"12,900 ",ONE_PLUS_ONE,https://www.emart24.co.kr/image/NDQ0MDc=
토탈7칫솔부드러운미세모4입(F),"12,900 ",ONE_PLUS_ONE,https://www.emart24.co.kr/image/NDQzOTU=
페리오듀얼클린칫솔2입,"3,500 ",ONE_PLUS_ONE,https://www.emart24.co.kr/image/NDQzNzA=
온더바디촉촉,"2,500 ",ONE_PLUS_ONE,https://www.emart24.co.kr/image/NDQzODQ=
마카다미아크랜베리바디워시480ml,"9,900 ",ONE_PLUS_ONE,https://www.emart24.co.kr/image/NDQzODE=
버블향균핸드워시파우더향250ml,"7,900 ",ONE_PLUS_ONE,https://www.emart24.co.kr/image/NDQzODM=
버블향균핸드워시레몬향250ml,"7,900 ",ONE_PLUS_ONE,https://www.emart24.co.kr/image/NDQzODY=
맨인매트셋앤볼륨컬크림150ml,"12,900 ",ONE_PLUS_ONE,https://www.emart24.co.kr/image/NDQzODc=
맨인매트셋앤홀드스프레이200ml,"12,900 ",ONE_PLUS_ONE,https://www.emart24.co.kr/image/NDQzODU=
퍼퓸러브바디워시480ml,"10,900 ",ONE_PLUS_ONE,https://www.emart24.co.kr/image/NDQzNzg=
실크샤이닝골드샴푸400ml,"11,900 ",ONE_PLUS_ONE,https://www.emart24.co.kr/image/NDQzNzc=
실크샤이닝골드컨디셔너400ml,"11,900 ",ONE_PLUS_ONE,https://www.emart24.co.kr/image/NDQzODA=
샴푸퍼퓸400ml,"11,900 ",ONE_PLUS_ONE,https://www.emart24.co.kr/image/NDQzNjk=
페리오토탈7인텐스리프레쉬치약120G*3,"13,900 ",ONE_PLUS_ONE,https://www.emart24.co.kr/image/NDQ0MDY=
엘라스틴페어링퍼퓸샴푸(라벤더향)1100ML,"15,000 ",ONE_PLUS_ONE,https://www.emart24.co.kr/image/NDQ0MDA=
엘라스틴모이스처퍼퓸샴푸(로즈향)1100ML,"15,000 ",ONE_PLUS_ONE,https://www.emart24.co.kr/image/NDQ0MDI=
엘라스틴페어링퍼퓸컨디셔너(라벤더향)1100ML,"15,000 ",ONE_PLUS_ONE,https://www.emart24.co.kr/image/NDQ0MDQ=
포켓몬X유시몰치약칫솔세트,"9,900 ",ONE_PLUS_ONE,https://www.emart24.co.kr/image/NDQzODk=
포켓몬여행용세트,"19,900 ",ONE_PLUS_ONE,https://www.emart24.co.kr/image/NDQzODg=
온더바디더내추럴바디워시(레몬향)900G,"12,900 ",ONE_PLUS_ONE,https://www.emart24.co.kr/image/NDQ0MDM=
온더바디더내추럴바디워시(라벤더향)900G,"12,900 ",ONE_PLUS_ONE,https://www.emart24.co.kr/image/NDQ0MDU=
엘라스틴단백질손상케어컨디셔너480ml,"12,900 ",ONE_PLUS_ONE,https://www.emart24.co.kr/image/NDQzNzE=
엘라스틴단백질손상케어샴푸480ml,"12,900 ",ONE_PLUS_ONE,https://www.emart24.co.kr/image/NDQzNzI=
페리오핑크솔트화이트닝치약칫솔세트(미백),"10,900 ",ONE_PLUS_ONE,https://www.emart24.co.kr/image/NDQzNzQ=
닥터그루트스칼프솔루션쿨멘솔180ml,"9,900 ",ONE_PLUS_ONE,https://www.emart24.co.kr/image/NDQzOTc=
오가히말라야핑크솔트바디워시200ml,"5,500 ",ONE_PLUS_ONE,https://www.emart24.co.kr/image/NDQzOTM=
ES오가히핑스케일링샴푸200ml,"7,000 ",ONE_PLUS_ONE,https://www.emart24.co.kr/image/NDQzOTI=
엘라스틴단백질볼륨케어샴푸480ml,"12,900 ",ONE_PLUS_ONE,https://www.emart24.co.kr/image/NDQzNzU=
에코네이처바디워시300ml,"11,900 ",ONE_PLUS_ONE,https://www.emart24.co.kr/image/NDQzNzY=
야외놀이선크림파워블록80ml,"19,900 ",ONE_PLUS_ONE,https://www.emart24.co.kr/image/NDQ0Mzc=
물놀이선크림워터프루프50ml,"19,900 ",ONE_PLUS_ONE,https://www.emart24.co.kr/image/NDQ0MzY=
칫솔더스타일,"2,600 ",ONE_PLUS_ONE,https://www.emart24.co.kr/image/NDQ0NDA=
칫솔센스R딥케어,"2,000 ",ONE_PLUS_ONE,https://www.emart24.co.kr/image/NDQ0Mzg=
립테라피스틱로지립스4.8g,"5,000 ",ONE_PLUS_ONE,https://www.emart24.co.kr/image/NDQ0Mzk=
데일리선크림50ml,"19,900 ",ONE_PLUS_ONE,https://www.emart24.co.kr/image/NDQ0NDQ=
UV프로텍션선스틱15g,"27,900 ",ONE_PLUS_ONE,https://www.emart24.co.kr/image/NDQ0NDI=
립테라피스틱민트4.8g,"5,000 ",ONE_PLUS_ONE,https://www.emart24.co.kr/image/NDQ0NDE=
핸드워시(퍼플)250ml,"7,900 ",ONE_PLUS_ONE,https://www.emart24.co.kr/image/NDQ0MTA=
데미지케어샴푸530ml,"15,000 ",ONE_PLUS_ONE,https://www.emart24.co.kr/image/NDQ0MTU=
데미지케어린스530ml,"15,000 ",ONE_PLUS_ONE,https://www.emart24.co.kr/image/NDQ0MTM=
거품염색3N(흑갈색),"17,600 ",ONE_PLUS_ONE,https://www.emart24.co.kr/image/NDQ0MTY=
쿨가글500ml,"5,200 ",ONE_PLUS_ONE,https://www.emart24.co.kr/image/NDQ0NDM=
헤이브라이트닝마스크팩(1P),"3,000 ",ONE_PLUS_ONE,https://www.emart24.co.kr/image/NDQ0NDU=
헤이모이스처라이징마스크팩(1P),"3,000 ",ONE_PLUS_ONE,https://www.emart24.co.kr/image/NDQ0NDY=
헤이퓨리파잉마스크팩(1P),"3,000 ",ONE_PLUS_ONE,https://www.emart24.co.kr/image/NDQ0NDc=
헤이수딩마스크팩(1P),"3,000 ",ONE_PLUS_ONE,https://www.emart24.co.kr/image/NDQ0NDk=
트리플솔루션칫솔,"2,100 ",ONE_PLUS_ONE,https://www.emart24.co.kr/image/NDQ0MTE=
밥이보약DOG빛나는피모50g,"1,500 ",ONE_PLUS_ONE,https://www.emart24.co.kr/image/NDQ0NTA=
밥이보약DOG튼튼한관절50g,"1,500 ",ONE_PLUS_ONE,https://www.emart24.co.kr/image/NDQ0NTI=
밥이보약CAT걱정없는헤어볼50g,"1,500 ",ONE_PLUS_ONE,https://www.emart24.co.kr/image/NDQ0NTE=
밥이보약CAT스트레스해소50g,"1,500 ",ONE_PLUS_ONE,https://www.emart24.co.kr/image/NDQ0NTM=
오리지널컬렉션바디워시180g,"7,000 ",ONE_PLUS_ONE,https://www.emart24.co.kr/image/NDQ0MTc=
촉촉한바디워시900g(애플&바나나향),"14,800 ",ONE_PLUS_ONE,https://www.emart24.co.kr/image/NDQ0MTg=
순한바디워시900g(베이비파우더향),"14,800 ",ONE_PLUS_ONE,https://www.emart24.co.kr/image/NDQ0MTk=
칫솔오리지날부드러운모,"2,500 ",ONE_PLUS_ONE,https://www.emart24.co.kr/image/NDQzNjc=
칫솔46cm초극세모,"3,500 ",ONE_PLUS_ONE,https://www.emart24.co.kr/image/NDQzNTg=
잇몸전문칫솔초극세모,"4,500 ",ONE_PLUS_ONE,https://www.emart24.co.kr/image/NDQzNjQ=
칫솔이지클리닉미세모(1입),"2,200 ",ONE_PLUS_ONE,https://www.emart24.co.kr/image/NDQzNjM=
핑크솔트담은치약100g,"5,900 ",ONE_PLUS_ONE,https://www.emart24.co.kr/image/NDQzNTQ=
치약46cm100g,"3,900 ",ONE_PLUS_ONE,https://www.emart24.co.kr/image/NDQzNTc=
잇몸고치약120g,"6,900 ",ONE_PLUS_ONE,https://www.emart24.co.kr/image/NDQzNTM=
치약토탈7120g,"4,300 ",ONE_PLUS_ONE,https://www.emart24.co.kr/image/NDQzNjI=
베이킹소다치약100g,"4,900 ",ONE_PLUS_ONE,https://www.emart24.co.kr/image/NDQzNjg=
프로폴리테라클래식민트100g,"5,500 ",ONE_PLUS_ONE,https://www.emart24.co.kr/image/NDQzNjE=
히말라야핑크솔트치약칫솔세트,"6,500 ",ONE_PLUS_ONE,https://www.emart24.co.kr/image/NDQzNjA=
토탈7칫솔힘있는미세모,"4,200 ",ONE_PLUS_ONE,https://www.emart24.co.kr/image/NDQzNjU=
핑크솔트바이옴치약100g,"5,500 ",ONE_PLUS_ONE,https://www.emart24.co.kr/image/NDQzNTU=
유시몰무알콜가글(마일드민트)90ml,"3,900 ",ONE_PLUS_ONE,https://www.emart24.co.kr/image/NDQzNTY=
클라이덴화이트닝치약(미백치약)50G,"9,900 ",ONE_PLUS_ONE,https://www.emart24.co.kr/image/NDQzNjY=
더내추럴레몬버베나500ml,"9,900 ",ONE_PLUS_ONE,https://www.emart24.co.kr/image/NDQzNTk=
친환경주방세제_레몬470ml,"5,900 ",ONE_PLUS_ONE,https://www.emart24.co.kr/image/NDQzNTA=
친환경섬유유연제플라워블룸3L(F),"17,900 ",ONE_PLUS_ONE,https://www.emart24.co.kr/image/NDQzNDg=
친환경세탁세제내추럴버블3L(F),"18,900 ",ONE_PLUS_ONE,https://www.emart24.co.kr/image/NDQzNDk=
베이킹소다500g,"7,900 ",ONE_PLUS_ONE,https://www.emart24.co.kr/image/NDQzNDc=
과탄산소다500g,"7,900 ",ONE_PLUS_ONE,https://www.emart24.co.kr/image/NDQzNDY=
친환경주방세제레몬2L(F),"11,900 ",ONE_PLUS_ONE,https://www.emart24.co.kr/image/NDQzNDU=
친환경세탁_버블원샷1.5L,"11,900 ",ONE_PLUS_ONE,https://www.emart24.co.kr/image/NDQzNTE=
세탁버블원샷캡슐세제10입,"7,900 ",ONE_PLUS_ONE,https://www.emart24.co.kr/image/NDQzNTI=
퍼플릴리향1L,"13,900 ",ONE_PLUS_ONE,https://www.emart24.co.kr/image/NDQzNDE=
세탁세제1L(겸용)_실내건조,"17,900 ",ONE_PLUS_ONE,https://www.emart24.co.kr/image/NDQzNDI=
포맨용기370ml,"10,800 ",ONE_PLUS_ONE,https://www.emart24.co.kr/image/NDQyNzc=
포맨용기시트러스&우드370ml,"10,800 ",ONE_PLUS_ONE,https://www.emart24.co.kr/image/NDQyNzg=
피오니부케1L,"10,900 ",ONE_PLUS_ONE,https://www.emart24.co.kr/image/NDQyOTk=
홈백신욕실용600mL(F) ,"10,800 ",ONE_PLUS_ONE,https://www.emart24.co.kr/image/NDQzMDI=
녹차1.2L리필(F),"4,900 ",ONE_PLUS_ONE,https://www.emart24.co.kr/image/NDQzMDM=
오리지널1L,"9,900 ",ONE_PLUS_ONE,https://www.emart24.co.kr/image/NDQyOTg=
카톤1kg,"6,000 ",ONE_PLUS_ONE,https://www.emart24.co.kr/image/NDQzMDA=
드럼카톤1kg,"6,500 ",ONE_PLUS_ONE,https://www.emart24.co.kr/image/NDQyOTY=
구연산자몽1.4L(리필),"7,600 ",ONE_PLUS_ONE,https://www.emart24.co.kr/image/NDQzMDE=
베이킹소다액체세제1.4L(겸용),"12,900 ",ONE_PLUS_ONE,https://www.emart24.co.kr/image/NDQzMDc=
특유취2L드럼용(리필)(F),"16,200 ",ONE_PLUS_ONE,https://www.emart24.co.kr/image/NDQzMjA=
특유취2L일반용(리필)(F),"16,200 ",ONE_PLUS_ONE,https://www.emart24.co.kr/image/NDQzMjE=
부케가르니연꽃1.6L리필(F),"11,500 ",ONE_PLUS_ONE,https://www.emart24.co.kr/image/NDQzMjQ=
부케가르니화이트로즈1.6L리필(F),"11,500 ",ONE_PLUS_ONE,https://www.emart24.co.kr/image/NDQzMjY=
특유취제거1L(겸용),"11,900 ",ONE_PLUS_ONE,https://www.emart24.co.kr/image/NDQzMDQ=
세제_테크실내건조2.7L_일반(F),"19,600 ",ONE_PLUS_ONE,https://www.emart24.co.kr/image/NDQzMjk=
세제_테크실내건조2.7L_드럼(F),"19,600 ",ONE_PLUS_ONE,https://www.emart24.co.kr/image/NDQzMzE=
아우라드라이스윗만다린25매(F),"7,900 ",ONE_PLUS_ONE,https://www.emart24.co.kr/image/NDQzMjU=
아우라바이럭스실내건조1L_프레쉬자스민,"10,900 ",ONE_PLUS_ONE,https://www.emart24.co.kr/image/NDQzMDg=
바이럭스프레쉬1L,"14,900 ",ONE_PLUS_ONE,https://www.emart24.co.kr/image/NDQzMTM=
바이럭스주방용세정제750ml,"9,900 ",ONE_PLUS_ONE,https://www.emart24.co.kr/image/NDQzMTc=
바이럭스욕실용세정제750ml,"9,900 ",ONE_PLUS_ONE,https://www.emart24.co.kr/image/NDQzMTY=
아우라딥센트1L_스윗만다린,"12,900 ",ONE_PLUS_ONE,https://www.emart24.co.kr/image/NDQzMDk=
간편시트20매_로맨틱플라워,"10,900 ",ONE_PLUS_ONE,https://www.emart24.co.kr/image/NDQzMTQ=
간편시트20매_후레쉬브리즈,"10,900 ",ONE_PLUS_ONE,https://www.emart24.co.kr/image/NDQzMTU=
세탁_테크진드기일반 3L(F),"21,900 ",ONE_PLUS_ONE,https://www.emart24.co.kr/image/NDQzMjc=
일반리필2.0kg,"13,900 ",ONE_PLUS_ONE,https://www.emart24.co.kr/image/NDQzMTE=
일반카톤750g,"6,500 ",ONE_PLUS_ONE,https://www.emart24.co.kr/image/NDQzMTI=
실내건조1.4L(겸용),"12,900 ",ONE_PLUS_ONE,https://www.emart24.co.kr/image/NDQzMTA=
POP샤인머스캣향1.3L,"9,900 ",ONE_PLUS_ONE,https://www.emart24.co.kr/image/NDQzMTk=
주방세제400g,"3,500 ",ONE_PLUS_ONE,https://www.emart24.co.kr/image/NDQzMTg=
락스와세제750ml(F),"5,900 ",ONE_PLUS_ONE,https://www.emart24.co.kr/image/NDQzMjg=
핑크리필2100ml,"6,900 ",ONE_PLUS_ONE,https://www.emart24.co.kr/image/NDQzMDU=
아로마리필2100ml(F),"6,900 ",ONE_PLUS_ONE,https://www.emart24.co.kr/image/NDQzMjI=
아우라1.7L리필_홀리데이(F),"12,800 ",ONE_PLUS_ONE,https://www.emart24.co.kr/image/NDQzMjM=
주방_식기세척기타블렛20입,"12,900 ",ONE_PLUS_ONE,https://www.emart24.co.kr/image/NDQzMDY=
욕실용세정제500mL,"8,500 ",ONE_PLUS_ONE,https://www.emart24.co.kr/image/NDQzMzk=
데오후레쉬플러스1.4L(겸용),"12,900 ",ONE_PLUS_ONE,https://www.emart24.co.kr/image/NDQzMzQ=
프리미엄젤1L_유칼립투스,"10,900 ",ONE_PLUS_ONE,https://www.emart24.co.kr/image/NDQzMzU=
프리미엄젤1L_프레시,"10,900 ",ONE_PLUS_ONE,https://www.emart24.co.kr/image/NDQzMzM=
건조기용40매_미스틱레인,"12,900 ",ONE_PLUS_ONE,https://www.emart24.co.kr/image/NDQzMzY=
섬유유연제1600ml_핑크,"6,200 ",ONE_PLUS_ONE,https://www.emart24.co.kr/image/NDQzMzA=
섬유유연제1600ml_블루,"6,200 ",ONE_PLUS_ONE,https://www.emart24.co.kr/image/NDQzMzI=
고농축시그니처1L_미스틱레인,"11,900 ",ONE_PLUS_ONE,https://www.emart24.co.kr/image/NDQzMzc=
주방세제_퓨어애플밤750ml,"9,900 ",ONE_PLUS_ONE,https://www.emart24.co.kr/image/NDQzMzg=
세탁액츠실내건조캡슐15개입,"11,900 ",ONE_PLUS_ONE,https://www.emart24.co.kr/image/NDQzNDA=
종이컵180ml*50입,"2,050 ",ONE_PLUS_ONE,https://www.emart24.co.kr/image/NDQyODM=
콘돔윙크초박형3입,"5,000 ",ONE_PLUS_ONE,https://www.emart24.co.kr/image/NDQyODI=
콘돔윙크특수혼합형3입,"5,000 ",ONE_PLUS_ONE,https://www.emart24.co.kr/image/NDQyODY=
쿨넥스카프,"5,900 ",ONE_PLUS_ONE,https://www.emart24.co.kr/image/NDQyODk=
아쿠아엑스쿨토시블랙,"7,900 ",ONE_PLUS_ONE,https://www.emart24.co.kr/image/NDQyODQ=
아쿠아엑스쿨토시화이트,"7,900 ",ONE_PLUS_ONE,https://www.emart24.co.kr/image/NDQyODU=
아쿠아엑스쿨토시손등형블랙,"8,900 ",ONE_PLUS_ONE,https://www.emart24.co.kr/image/NDQyODc=
패턴목쿨토시,"8,000 ",ONE_PLUS_ONE,https://www.emart24.co.kr/image/NDQyODg=
1+1면밀착덧신,"5,900 ",ONE_PLUS_ONE,https://www.emart24.co.kr/image/NDQyOTU=
컴포트밀착덧신,"4,900 ",ONE_PLUS_ONE,https://www.emart24.co.kr/image/NDQyOTc=
여성모달팬티(95),"8,900 ",ONE_PLUS_ONE,https://www.emart24.co.kr/image/NDQyOTE=
여성모달팬티(90),"8,900 ",ONE_PLUS_ONE,https://www.emart24.co.kr/image/NDQyOTA=
남성모달팬티(105),"9,900 ",ONE_PLUS_ONE,https://www.emart24.co.kr/image/NDQyOTI=
남성모달팬티(100),"9,900 ",ONE_PLUS_ONE,https://www.emart24.co.kr/image/NDQyOTM=
냉장고반바지(Free),"10,900 ",ONE_PLUS_ONE,https://www.emart24.co.kr/image/NDQyOTQ=
오가닛데일리라이너20입(롱),"3,800 ",ONE_PLUS_ONE,https://www.emart24.co.kr/image/NDQyODE=
오가닛데일리3입(중),"2,400 ",ONE_PLUS_ONE,https://www.emart24.co.kr/image/NDQyODA=
친환경주방세제트로피칼펀치(자몽향)470ml,"5,500 ",ONE_PLUS_ONE,https://www.emart24.co.kr/image/NDQzNDM=
구연산500g,"7,900 ",ONE_PLUS_ONE,https://www.emart24.co.kr/image/NDQzNDQ=
러블리베어티슈230*3입,"11,900 ",ONE_PLUS_ONE,https://www.emart24.co.kr/image/NDQyNzI=
손소독티슈20매(휴대용),"2,500 ",ONE_PLUS_ONE,https://www.emart24.co.kr/image/NDQyNzQ=
손소독티슈60매(캡),"5,500 ",ONE_PLUS_ONE,https://www.emart24.co.kr/image/NDQyNzM=
프리미엄물티슈80매(캡),"5,500 ",ONE_PLUS_ONE,https://www.emart24.co.kr/image/NDQyNzU=
더플래닛머큐리10매,"1,000 ",ONE_PLUS_ONE,https://www.emart24.co.kr/image/NDQyNzY=
헬로플라워스토리27m*30롤,"22,900 ",ONE_PLUS_ONE,https://www.emart24.co.kr/image/NDQyNzA=
3겹화장지30*24롤,"22,700 ",ONE_PLUS_ONE,https://www.emart24.co.kr/image/NDQyNjk=
에코스마트3겹데코22*30롤,"23,800 ",ONE_PLUS_ONE,https://www.emart24.co.kr/image/NDQyNzE=
유기농순면입는오버나이트(4입),"10,900 ",ONE_PLUS_ONE,https://www.emart24.co.kr/image/NDQyNzk=
유기농무표백수퍼롱3입,"4,800 ",ONE_PLUS_ONE,https://www.emart24.co.kr/image/NDQyNDc=
입는데이팬티4P(중),"10,900 ",ONE_PLUS_ONE,https://www.emart24.co.kr/image/NDQyNTI=
입는데이팬티4P(대),"10,900 ",ONE_PLUS_ONE,https://www.emart24.co.kr/image/NDQyNTQ=
라이너오가닉18입(롱),"4,600 ",ONE_PLUS_ONE,https://www.emart24.co.kr/image/NDQyNTM=
유기농무표백입는오버4P(대),"11,200 ",ONE_PLUS_ONE,https://www.emart24.co.kr/image/NDQyNTE=
3겹소프트25m*30롤,"34,800 ",ONE_PLUS_ONE,https://www.emart24.co.kr/image/NDQyNTU=
순수한면제로중16P,"9,000 ",ONE_PLUS_ONE,https://www.emart24.co.kr/image/NDQyNTc=
순수한면제로대14P,"9,000 ",ONE_PLUS_ONE,https://www.emart24.co.kr/image/NDQyNjE=
순수한면슈퍼가드대14P(New),"8,700 ",ONE_PLUS_ONE,https://www.emart24.co.kr/image/NDQyNjA=
순수한면슈퍼가드중16P(New),"8,700 ",ONE_PLUS_ONE,https://www.emart24.co.kr/image/NDQyNTg=
입는오버나이트4입(중대형),"10,900 ",ONE_PLUS_ONE,https://www.emart24.co.kr/image/NDQyNjc=
디어스킨에어엠보16입(중),"8,100 ",ONE_PLUS_ONE,https://www.emart24.co.kr/image/NDQyNTY=
디어스킨에어엠보(대)14입,"8,100 ",ONE_PLUS_ONE,https://www.emart24.co.kr/image/NDQyNTk=
리얼모달16입(중),"8,600 ",ONE_PLUS_ONE,https://www.emart24.co.kr/image/NDQyNjI=
리얼모달14입(대),"8,600 ",ONE_PLUS_ONE,https://www.emart24.co.kr/image/NDQyNjU=
순수한면제로영16입(중),"8,900 ",ONE_PLUS_ONE,https://www.emart24.co.kr/image/NDQyNjM=
순수한면제로영14입(대),"8,900 ",ONE_PLUS_ONE,https://www.emart24.co.kr/image/NDQyNjQ=
순수한면제로영4입(중),"2,500 ",ONE_PLUS_ONE,https://www.emart24.co.kr/image/NDQyNjY=
산리오플리퍼즈젤리10g,"2,800 ",ONE_PLUS_ONE,https://www.emart24.co.kr/image/NDQxNjk=
비비고한우사골곰탕500g,"3,200 ",ONE_PLUS_ONE,https://www.emart24.co.kr/image/NDQxNzA=
햇반솥반버섯영양밥200g,"3,900 ",ONE_PLUS_ONE,https://www.emart24.co.kr/image/NDQxNzM=
햇반솥반꿀약밥210g,"3,900 ",ONE_PLUS_ONE,https://www.emart24.co.kr/image/NDQxNzE=
누들핏어묵탕맛소컵,"1,800 ",ONE_PLUS_ONE,https://www.emart24.co.kr/image/NDQxNzc=
누들핏얼큰우동맛소컵,"1,800 ",ONE_PLUS_ONE,https://www.emart24.co.kr/image/NDQxNzU=
오즈키친치킨마살라180g,"4,800 ",ONE_PLUS_ONE,https://www.emart24.co.kr/image/NDQxODk=
오즈키친푸팟퐁카레180g,"4,800 ",ONE_PLUS_ONE,https://www.emart24.co.kr/image/NDQxODg=
남도식한우미역국500g,"7,800 ",ONE_PLUS_ONE,https://www.emart24.co.kr/image/NDQyMDA=
전복죽285g,"4,500 ",ONE_PLUS_ONE,https://www.emart24.co.kr/image/NDQyMDE=
프레스코양송이크림스프180g,"3,800 ",ONE_PLUS_ONE,https://www.emart24.co.kr/image/NDQxODM=
대구식쇠고기육개장500G,"7,800 ",ONE_PLUS_ONE,https://www.emart24.co.kr/image/NDQxOTk=
컵밥오뚜기짜장320g,"4,800 ",ONE_PLUS_ONE,https://www.emart24.co.kr/image/NDQxOTc=
마포식차돌된장찌개500G,"7,800 ",ONE_PLUS_ONE,https://www.emart24.co.kr/image/NDQxOTg=
컵밥케챂오므라이스,"4,800 ",ONE_PLUS_ONE,https://www.emart24.co.kr/image/NDQxOTY=
컵밥오뚜기카레320g,"4,800 ",ONE_PLUS_ONE,https://www.emart24.co.kr/image/NDQxOTU=
프레스코베이컨감자스프180g,"3,800 ",ONE_PLUS_ONE,https://www.emart24.co.kr/image/NDQxODc=
컵밥순후추순대국밥,"4,800 ",ONE_PLUS_ONE,https://www.emart24.co.kr/image/NDQxOTM=
컵밥참기름김치볶음밥259g,"4,800 ",ONE_PLUS_ONE,https://www.emart24.co.kr/image/NDQxOTQ=
컵밥김치참치덮밥,"4,800 ",ONE_PLUS_ONE,https://www.emart24.co.kr/image/NDQxOTA=
컵밥김치알밥,"4,800 ",ONE_PLUS_ONE,https://www.emart24.co.kr/image/NDQxOTI=
컵밥참치마요덮밥,"4,800 ",ONE_PLUS_ONE,https://www.emart24.co.kr/image/NDQxOTE=
양반나주식곰탕460g,"3,900 ",ONE_PLUS_ONE,https://www.emart24.co.kr/image/NDQxNzY=
양반한우사골곰탕460g,"3,900 ",ONE_PLUS_ONE,https://www.emart24.co.kr/image/NDQxODA=
바이럭스프레쉬자스민500ml,"8,900 ",ONE_PLUS_ONE,https://www.emart24.co.kr/image/NDQyMDY=
냄새뺌담배냄새100ml,"4,200 ",ONE_PLUS_ONE,https://www.emart24.co.kr/image/NDQyMDM=
케어스타일러은은한향100ml,"4,200 ",ONE_PLUS_ONE,https://www.emart24.co.kr/image/NDQyMDc=
쿠티크투움바파스타큰컵,"3,600 ",ONE_PLUS_ONE,https://www.emart24.co.kr/image/NDQxNzk=
데코&소프트12롤,"28,600 ",ONE_PLUS_ONE,https://www.emart24.co.kr/image/NDQyMzE=
클래식미용티슈200매*3입,"19,600 ",ONE_PLUS_ONE,https://www.emart24.co.kr/image/NDQyMzQ=
칼로리라이트키친타월55매*3롤,"13,000 ",ONE_PLUS_ONE,https://www.emart24.co.kr/image/NDQyMzI=
마이비데클린케어10매,"1,600 ",ONE_PLUS_ONE,https://www.emart24.co.kr/image/NDQyMzU=
유기농무표백4입(대),"3,900 ",ONE_PLUS_ONE,https://www.emart24.co.kr/image/NDQyNDI=
입는오버나이트4P(중),"10,200 ",ONE_PLUS_ONE,https://www.emart24.co.kr/image/NDQyNTA=
입는오버나이트4P(대),"10,200 ",ONE_PLUS_ONE,https://www.emart24.co.kr/image/NDQyNDg=
New울날14P(오버),"10,900 ",ONE_PLUS_ONE,https://www.emart24.co.kr/image/NDQyNDQ=
New울날4P(중),"2,000 ",ONE_PLUS_ONE,https://www.emart24.co.kr/image/NDQyMzk=
수퍼롱42Cm4P(오버),"4,100 ",ONE_PLUS_ONE,https://www.emart24.co.kr/image/NDQyNDU=
유기농입는오버나이트3P(중),"9,100 ",ONE_PLUS_ONE,https://www.emart24.co.kr/image/NDQyNDk=
수퍼흡수18입(중),"9,700 ",ONE_PLUS_ONE,https://www.emart24.co.kr/image/NDQyMzc=
수퍼흡수16입(대),"9,700 ",ONE_PLUS_ONE,https://www.emart24.co.kr/image/NDQyMzg=
수퍼흡수4입(중),"2,000 ",ONE_PLUS_ONE,https://www.emart24.co.kr/image/NDQyMzY=
유기농내추럴코어14입(중),"9,600 ",ONE_PLUS_ONE,https://www.emart24.co.kr/image/NDQyNDA=
유기농내추럴코어14입(대),"11,200 ",ONE_PLUS_ONE,https://www.emart24.co.kr/image/NDQyNDM=
유기농순면슈퍼롱오버42cm(8입),"9,900 ",ONE_PLUS_ONE,https://www.emart24.co.kr/image/NDQyNDY=
유기농내추럴코어3입(중),"1,800 ",ONE_PLUS_ONE,https://www.emart24.co.kr/image/NDQyNDE=
내츄럴케어물티슈(캡형)72매,"6,000 ",ONE_PLUS_ONE,https://www.emart24.co.kr/image/NDQyMzM=
더미식흑미밥180g,"2,800 ",ONE_PLUS_ONE,https://www.emart24.co.kr/image/NDQxODU=
더미식잡곡밥180g,"2,800 ",ONE_PLUS_ONE,https://www.emart24.co.kr/image/NDQxODI=
볼록맞춤16입(대),"8,500 ",ONE_PLUS_ONE,https://www.emart24.co.kr/image/NDQyMDQ=
볼록맞춤12입(오버),"7,800 ",ONE_PLUS_ONE,https://www.emart24.co.kr/image/NDQyMTM=
볼록맞춤4입(중),"1,900 ",ONE_PLUS_ONE,https://www.emart24.co.kr/image/NDQyMTc=
슈퍼롱앤와이드10입,"8,700 ",ONE_PLUS_ONE,https://www.emart24.co.kr/image/NDQyMTA=
유기농순면커버10입(오버),"9,500 ",ONE_PLUS_ONE,https://www.emart24.co.kr/image/NDQyMjA=
유기농순면커버4입(중),"2,700 ",ONE_PLUS_ONE,https://www.emart24.co.kr/image/NDQyMTk=
유기농순면커버슈퍼롱10입,"10,600 ",ONE_PLUS_ONE,https://www.emart24.co.kr/image/NDQyMjE=
내몸에순한면4입(대),"3,000 ",ONE_PLUS_ONE,https://www.emart24.co.kr/image/NDQyMTU=
내몸에순한면슈퍼롱420(3입),"4,200 ",ONE_PLUS_ONE,https://www.emart24.co.kr/image/NDQyMTI=
볼록맞춤33cm4입(오버),"3,800 ",ONE_PLUS_ONE,https://www.emart24.co.kr/image/NDQyMDg=
내몸에순한면4입(중),"2,400 ",ONE_PLUS_ONE,https://www.emart24.co.kr/image/NDQyMDU=
내몸에순한면18P(중),"9,400 ",ONE_PLUS_ONE,https://www.emart24.co.kr/image/NDQyMDk=
내몸에순한면16P(대),"9,400 ",ONE_PLUS_ONE,https://www.emart24.co.kr/image/NDQyMTE=
카키노타네오리지널60g,"3,000 ",ONE_PLUS_ONE,https://www.emart24.co.kr/image/NDQxNzI=
카키노타네와사비맛60g,"3,000 ",ONE_PLUS_ONE,https://www.emart24.co.kr/image/NDQxNzQ=
순한면무표백4입(중),"2,700 ",ONE_PLUS_ONE,https://www.emart24.co.kr/image/NDQyMTg=
유기농순면커버무표백4입(중),"3,000 ",ONE_PLUS_ONE,https://www.emart24.co.kr/image/NDQyMjI=
순한면무표백4입(대),"3,100 ",ONE_PLUS_ONE,https://www.emart24.co.kr/image/NDQyMTY=
유기농순면커버무표백4입(대),"3,400 ",ONE_PLUS_ONE,https://www.emart24.co.kr/image/NDQyMjM=
안심숙면팬티4입(중),"9,600 ",ONE_PLUS_ONE,https://www.emart24.co.kr/image/NDQyMjY=
안심숙면팬티4입(대),"9,600 ",ONE_PLUS_ONE,https://www.emart24.co.kr/image/NDQyMTQ=
안심숙면팬티무표백4입(대),"11,600 ",ONE_PLUS_ONE,https://www.emart24.co.kr/image/NDQyMjQ=
안심숙면팬티4입(XL),"10,900 ",ONE_PLUS_ONE,https://www.emart24.co.kr/image/NDQyMjU=
안심숙면팬티무표백4입(XL),"13,000 ",ONE_PLUS_ONE,https://www.emart24.co.kr/image/NDQyMjc=
안심숙면팬티유기농4p(중),"10,800 ",ONE_PLUS_ONE,https://www.emart24.co.kr/image/NDQyMjk=
안심숙면팬티유기농4p(대),"10,800 ",ONE_PLUS_ONE,https://www.emart24.co.kr/image/NDQyMjg=
안심숙면팬티유기농4P(특대),"12,500 ",ONE_PLUS_ONE,https://www.emart24.co.kr/image/NDQyMzA=
더미식비빔면봉지,"1,700 ",ONE_PLUS_ONE,https://www.emart24.co.kr/image/NDQxNzg=
더미식비빔면4입,"6,800 ",ONE_PLUS_ONE,https://www.emart24.co.kr/image/NDQxODQ=
더미식메밀비빔면봉지,"1,800 ",ONE_PLUS_ONE,https://www.emart24.co.kr/image/NDQxODE=
더미식메밀비빔면4입,"7,200 ",ONE_PLUS_ONE,https://www.emart24.co.kr/image/NDQxODY=
입는오버나이트대4입,"5,900 ",ONE_PLUS_ONE,https://www.emart24.co.kr/image/NDQyMDI=
한잔허제(정제),"2,900 ",ONE_PLUS_ONE,https://www.emart24.co.kr/image/NDQxNjc=
한잔허제파인애플(젤리),"2,900 ",ONE_PLUS_ONE,https://www.emart24.co.kr/image/NDQxNjg=
폭신패딩솜사탕벌꿀향12g,"2,000 ",ONE_PLUS_ONE,https://www.emart24.co.kr/image/NDQxNjY=
짱구는못말려말랑이캔디13g,"3,000 ",ONE_PLUS_ONE,https://www.emart24.co.kr/image/NDQxNjU=
젤리팝40g,"1,500 ",ONE_PLUS_ONE,https://www.emart24.co.kr/image/NDQwODc=
사과주스200ml(S),"1,200 ",ONE_PLUS_ONE,https://www.emart24.co.kr/image/NDQwODE=
파인애플앤사과앤포도주스200ml(S),"1,200 ",ONE_PLUS_ONE,https://www.emart24.co.kr/image/NDQwODI=
오렌지주스200ml(S),"1,200 ",ONE_PLUS_ONE,https://www.emart24.co.kr/image/NDQwOTQ=
복숭아앤포도주스200ml(S),"1,200 ",ONE_PLUS_ONE,https://www.emart24.co.kr/image/NDQwOTk=
베베토수퍼벨트비건젤리75g,"1,800 ",ONE_PLUS_ONE,https://www.emart24.co.kr/image/NDQxNjM=
베베토와키스틱비건젤리75g,"1,800 ",ONE_PLUS_ONE,https://www.emart24.co.kr/image/NDQxNjQ=
백설햄숯불갈비후랑크120g,"3,300 ",ONE_PLUS_ONE,https://www.emart24.co.kr/image/NDQxMDk=
맥스봉빅소시지150g,"3,900 ",ONE_PLUS_ONE,https://www.emart24.co.kr/image/NDQxMDQ=
맥스봉오리지널50g,"2,200 ",ONE_PLUS_ONE,https://www.emart24.co.kr/image/NDQxNDI=
구이한판스모크60g,"3,300 ",ONE_PLUS_ONE,https://www.emart24.co.kr/image/NDQxMDM=
상쾌환스틱(망고맛),"3,900 ",ONE_PLUS_ONE,https://www.emart24.co.kr/image/NDQxMjk=
상쾌환스틱(배사과맛),"3,900 ",ONE_PLUS_ONE,https://www.emart24.co.kr/image/NDQxMjc=
XO교자만두324g,"6,400 ",ONE_PLUS_ONE,https://www.emart24.co.kr/image/NDQxNDM=
양반밤단팥죽285g(냉장),"4,500 ",ONE_PLUS_ONE,https://www.emart24.co.kr/image/NDQxMDI=
친친오리지널소시지70g,"1,900 ",ONE_PLUS_ONE,https://www.emart24.co.kr/image/NDQxMDg=
친친콘치즈소시지70g,"1,900 ",ONE_PLUS_ONE,https://www.emart24.co.kr/image/NDQxMTI=
과수원사과200ml,"1,600 ",ONE_PLUS_ONE,https://www.emart24.co.kr/image/NDQwNjk=
천하장사더건강하닭60g,"2,200 ",ONE_PLUS_ONE,https://www.emart24.co.kr/image/NDQxNTY=
더건강하닭할라피뇨&치즈60g,"2,200 ",ONE_PLUS_ONE,https://www.emart24.co.kr/image/NDQxMDY=
초코타임200ml,"1,100 ",ONE_PLUS_ONE,https://www.emart24.co.kr/image/NDQxMzc=
딸기타임200ml,"1,100 ",ONE_PLUS_ONE,https://www.emart24.co.kr/image/NDQxMzY=
요플레프로틴플레인210ml,"3,200 ",ONE_PLUS_ONE,https://www.emart24.co.kr/image/NDQxMzQ=
요플레프로틴딸기바나나210ml,"3,200 ",ONE_PLUS_ONE,https://www.emart24.co.kr/image/NDQxMzU=
복숭아아이스티300ml,"1,200 ",ONE_PLUS_ONE,https://www.emart24.co.kr/image/NDQxNDA=
레몬아이스티300ml,"1,200 ",ONE_PLUS_ONE,https://www.emart24.co.kr/image/NDQxNTI=
요플레프로틴MAX210ml,"3,500 ",ONE_PLUS_ONE,https://www.emart24.co.kr/image/NDQxMzk=
마이픽딸기초코링120g,"2,200 ",ONE_PLUS_ONE,https://www.emart24.co.kr/image/NDQwNzQ=
듀오안플레인140ml,"2,000 ",ONE_PLUS_ONE,https://www.emart24.co.kr/image/NDQwNzI=
듀오안사과150ml,"2,000 ",ONE_PLUS_ONE,https://www.emart24.co.kr/image/NDQwNzY=
어메이징오트언스위트190ml,"1,500 ",ONE_PLUS_ONE,https://www.emart24.co.kr/image/NDQxNTE=
어메이징오트오리지널190ml,"1,500 ",ONE_PLUS_ONE,https://www.emart24.co.kr/image/NDQxNDk=
산양프로틴플레인150ml,"2,500 ",ONE_PLUS_ONE,https://www.emart24.co.kr/image/NDQxMzg=
산양프로틴베리믹스150ml,"2,500 ",ONE_PLUS_ONE,https://www.emart24.co.kr/image/NDQwNzU=
맥스봉프로틴45g,"2,200 ",ONE_PLUS_ONE,https://www.emart24.co.kr/image/NDQxNDQ=
맥스봉오리지널70g,"2,600 ",ONE_PLUS_ONE,https://www.emart24.co.kr/image/NDQxNDE=
감귤요거트300ml,"2,300 ",ONE_PLUS_ONE,https://www.emart24.co.kr/image/NDQwNzE=
블루베리요거트300ml,"2,300 ",ONE_PLUS_ONE,https://www.emart24.co.kr/image/NDQwNzM=
스트로베리요거트300ml,"2,300 ",ONE_PLUS_ONE,https://www.emart24.co.kr/image/NDQwNzA=
복숭아요거트300ml,"2,300 ",ONE_PLUS_ONE,https://www.emart24.co.kr/image/NDQwOTU=
불닭메추리알5개입,"1,700 ",ONE_PLUS_ONE,https://www.emart24.co.kr/image/NDQxMTA=
빅츄리2입,"2,100 ",ONE_PLUS_ONE,https://www.emart24.co.kr/image/NDQxMDU=
철판계란꼬치햄치즈맛110g,"2,500 ",ONE_PLUS_ONE,https://www.emart24.co.kr/image/NDQxMDc=
로우슈가아몬드초코볼45g(W),"1,500 ",ONE_PLUS_ONE,https://www.emart24.co.kr/image/NDQwOTI=
THE생강차플러스8입,"3,000 ",ONE_PLUS_ONE,https://www.emart24.co.kr/image/NDQxMjQ=
THE쌍화차플러스8입,"3,000 ",ONE_PLUS_ONE,https://www.emart24.co.kr/image/NDQxMjE=
곶감수정과차15입,"3,500 ",ONE_PLUS_ONE,https://www.emart24.co.kr/image/NDQxMjA=
녹용진50ml,"5,000 ",ONE_PLUS_ONE,https://www.emart24.co.kr/image/NDQxMTQ=
고구마티타욤원컵,"1,500 ",ONE_PLUS_ONE,https://www.emart24.co.kr/image/NDQxMjM=
녹차티타욤원컵,"1,500 ",ONE_PLUS_ONE,https://www.emart24.co.kr/image/NDQxMTg=
모닝케어H100ml,"5,000 ",ONE_PLUS_ONE,https://www.emart24.co.kr/image/NDQwODQ=
모닝케어D100ml,"5,000 ",ONE_PLUS_ONE,https://www.emart24.co.kr/image/NDQwNzg=
모닝케어S100ml,"5,000 ",ONE_PLUS_ONE,https://www.emart24.co.kr/image/NDQwODM=
두꺼비근육껍프로틴바초코쿠키맛,"1,400 ",ONE_PLUS_ONE,https://www.emart24.co.kr/image/NDQwODg=
아기상어플리퍼즈캔디5g,"2,800 ",ONE_PLUS_ONE,https://www.emart24.co.kr/image/NDQwODk=
액티비아딸기210ml,"2,200 ",ONE_PLUS_ONE,https://www.emart24.co.kr/image/NDQwOTY=
액티비아플레인210ml,"2,200 ",ONE_PLUS_ONE,https://www.emart24.co.kr/image/NDQwOTc=
액티비아복숭아210ml,"2,200 ",ONE_PLUS_ONE,https://www.emart24.co.kr/image/NDQwOTg=
액티비아스무디딸기바나나150ml,"2,000 ",ONE_PLUS_ONE,https://www.emart24.co.kr/image/NDQxMDA=
액티비아스무디골드키위사과150ml,"2,000 ",ONE_PLUS_ONE,https://www.emart24.co.kr/image/NDQxMDE=
콜라이트제로피치버블캔355ml,"1,900 ",ONE_PLUS_ONE,https://www.emart24.co.kr/image/NDQwOTA=
콜라이트제로그레이프팝캔355ml,"1,900 ",ONE_PLUS_ONE,https://www.emart24.co.kr/image/NDQwODU=
곤약젤리사과130g,"2,000 ",ONE_PLUS_ONE,https://www.emart24.co.kr/image/NDQxNTU=
곤약젤리복숭아130g,"2,000 ",ONE_PLUS_ONE,https://www.emart24.co.kr/image/NDQxNTQ=
곤약젤리포도130g,"2,000 ",ONE_PLUS_ONE,https://www.emart24.co.kr/image/NDQxNTM=
천지개벽100ml,"5,000 ",ONE_PLUS_ONE,https://www.emart24.co.kr/image/NDQwNzk=
안흔한플리퍼즈캔디15g,"2,500 ",ONE_PLUS_ONE,https://www.emart24.co.kr/image/NDQwODY=
흔한남매지비츠캔디15g,"2,500 ",ONE_PLUS_ONE,https://www.emart24.co.kr/image/NDQxNjE=
NEW컨디션환,"2,900 ",ONE_PLUS_ONE,https://www.emart24.co.kr/image/NDQxMjg=
NEW컨디션환3입,"8,500 ",ONE_PLUS_ONE,https://www.emart24.co.kr/image/NDQxMjY=
컨디션스틱(그린애플맛),"3,300 ",ONE_PLUS_ONE,https://www.emart24.co.kr/image/NDQxMzM=
컨디션스틱(컨디션맛),"3,300 ",ONE_PLUS_ONE,https://www.emart24.co.kr/image/NDQxMzA=
타이밍1입,"3,000 ",ONE_PLUS_ONE,https://www.emart24.co.kr/image/NDQxMTc=
타이밍헛개스틱,"2,900 ",ONE_PLUS_ONE,https://www.emart24.co.kr/image/NDQxMzI=
모닝이즈백100ml,"5,000 ",ONE_PLUS_ONE,https://www.emart24.co.kr/image/NDQwODA=
히말라야아침1.7g*2포,"5,000 ",ONE_PLUS_ONE,https://www.emart24.co.kr/image/NDQxMjI=
쿠키앤크림몰트볼40g(냉장),"2,500 ",ONE_PLUS_ONE,https://www.emart24.co.kr/image/NDQxNTk=
인절미몰트볼40g(냉장),"2,500 ",ONE_PLUS_ONE,https://www.emart24.co.kr/image/NDQxNTc=
밀크코코넛몰트볼40g(냉장),"2,500 ",ONE_PLUS_ONE,https://www.emart24.co.kr/image/NDQxNjA=
별빛팡팡몰트볼40g(냉장),"2,500 ",ONE_PLUS_ONE,https://www.emart24.co.kr/image/NDQxNjI=
체리쥬빌레몰트볼40g(냉장),"2,500 ",ONE_PLUS_ONE,https://www.emart24.co.kr/image/NDQxNTg=
무민달달플리퍼즈9g,"2,800 ",ONE_PLUS_ONE,https://www.emart24.co.kr/image/NDQxMTk=
주당비책,"3,000 ",ONE_PLUS_ONE,https://www.emart24.co.kr/image/NDQxMTE=
못생긴아이스군고구마180g,"2,500 ",ONE_PLUS_ONE,https://www.emart24.co.kr/image/NDQxNDY=
간편한진50ml,"4,000 ",ONE_PLUS_ONE,https://www.emart24.co.kr/image/NDQxMTU=
속편한진50ml,"4,000 ",ONE_PLUS_ONE,https://www.emart24.co.kr/image/NDQxMTM=
숙취해소스틱,"3,200 ",ONE_PLUS_ONE,https://www.emart24.co.kr/image/NDQxMzE=
리얼다크캐모마일초콜릿58g,"2,900 ",ONE_PLUS_ONE,https://www.emart24.co.kr/image/NDQwOTM=
딸기칩바크초콜릿80g,"3,200 ",ONE_PLUS_ONE,https://www.emart24.co.kr/image/NDQwOTE=
폭신패딩솜사탕레몬향12g,"2,000 ",ONE_PLUS_ONE,https://www.emart24.co.kr/image/NDQxMTY=
엉쿨환3g,"2,900 ",ONE_PLUS_ONE,https://www.emart24.co.kr/image/NDQxMjU=
아르케어120ml,"1,500 ",ONE_PLUS_ONE,https://www.emart24.co.kr/image/NDQwNzc=
구운땅콜볼120g(S),"3,500 ",ONE_PLUS_ONE,https://www.emart24.co.kr/image/NDQxNDg=
비프져키오리지널38g(S),"5,900 ",ONE_PLUS_ONE,https://www.emart24.co.kr/image/NDQxNTA=
비프져키페퍼드38g(S),"5,900 ",ONE_PLUS_ONE,https://www.emart24.co.kr/image/NDQxNDc=
비프스테이크바50g(S),"5,900 ",ONE_PLUS_ONE,https://www.emart24.co.kr/image/NDQxNDU=
한뿌리홍삼대보100ml,"5,000 ",ONE_PLUS_ONE,https://www.emart24.co.kr/image/NDQwNTY=
한뿌리인삼대보100ml,"4,500 ",ONE_PLUS_ONE,https://www.emart24.co.kr/image/NDQwNTU=
웰치오렌지제로캔355ml,"1,400 ",ONE_PLUS_ONE,https://www.emart24.co.kr/image/NDQwNTI=
데이플러스프로틴500ml,"2,200 ",ONE_PLUS_ONE,https://www.emart24.co.kr/image/NDQwNTM=
데이플러스콜라겐500ml,"2,200 ",ONE_PLUS_ONE,https://www.emart24.co.kr/image/NDQwNTQ=
보성말차500ml,"2,200 ",ONE_PLUS_ONE,https://www.emart24.co.kr/image/NDQwMjM=
쿨피스톡제로복숭아340ml,"2,000 ",ONE_PLUS_ONE,https://www.emart24.co.kr/image/NDQwMjQ=
쿨피스톡제로파인애플340ml,"2,000 ",ONE_PLUS_ONE,https://www.emart24.co.kr/image/NDQwMjY=
애플캔250ml,"1,600 ",ONE_PLUS_ONE,https://www.emart24.co.kr/image/NDQwMzM=
복숭아캔250ml,"1,600 ",ONE_PLUS_ONE,https://www.emart24.co.kr/image/NDQwMzI=
아카페라AllDay아메리카노1L,"4,200 ",ONE_PLUS_ONE,https://www.emart24.co.kr/image/NDQwMzk=
아카페라AllDay헤이즐넛1L,"4,200 ",ONE_PLUS_ONE,https://www.emart24.co.kr/image/NDQwNDE=
테이크얼라이브샤인머스캣500ml,"2,500 ",ONE_PLUS_ONE,https://www.emart24.co.kr/image/NDQwMjc=
테이크얼라이브스위티자몽500ml,"2,500 ",ONE_PLUS_ONE,https://www.emart24.co.kr/image/NDQwMjU=
테이크얼라이브망고500ml,"2,500 ",ONE_PLUS_ONE,https://www.emart24.co.kr/image/NDQwMjg=
테이크얼라이브제로톡스위티자몽400ml,"2,500 ",ONE_PLUS_ONE,https://www.emart24.co.kr/image/NDQwMjk=
부르르제로사이다250ml,"1,200 ",ONE_PLUS_ONE,https://www.emart24.co.kr/image/NDQwNDA=
한뿌리흑삼아르기닌100ml,"5,000 ",ONE_PLUS_ONE,https://www.emart24.co.kr/image/NDQwNTc=
몽베스트스파클링워터레몬500ml,"1,700 ",ONE_PLUS_ONE,https://www.emart24.co.kr/image/NDQwMzY=
몽베스트스파클링워터라임500ml,"1,700 ",ONE_PLUS_ONE,https://www.emart24.co.kr/image/NDQwMzc=
몽베스트500ml,"1,100 ",ONE_PLUS_ONE,https://www.emart24.co.kr/image/NDQwMzQ=
몽베스트330ml,800 ,ONE_PLUS_ONE,https://www.emart24.co.kr/image/NDQwMzU=
자몽아이스티제로500ml,"2,200 ",ONE_PLUS_ONE,https://www.emart24.co.kr/image/NDQwNDU=
복숭아아이스티제로500ml,"2,200 ",ONE_PLUS_ONE,https://www.emart24.co.kr/image/NDQwNDM=
생생톤UP210ml,"1,500 ",ONE_PLUS_ONE,https://www.emart24.co.kr/image/NDQwNjQ=
비타천플러스120ml,"1,200 ",ONE_PLUS_ONE,https://www.emart24.co.kr/image/NDQwNjI=
산에는삼100ml,"3,000 ",ONE_PLUS_ONE,https://www.emart24.co.kr/image/NDQwNTk=
자황력액100ml,"5,000 ",ONE_PLUS_ONE,https://www.emart24.co.kr/image/NDQwNjA=
레디큐프로120ml,"6,000 ",ONE_PLUS_ONE,https://www.emart24.co.kr/image/NDQwNTE=
아워티오렌지자몽블랙500ml(NEW),"2,000 ",ONE_PLUS_ONE,https://www.emart24.co.kr/image/NDQwNDY=
아워티레몬얼그레이500ml(NEW),"2,000 ",ONE_PLUS_ONE,https://www.emart24.co.kr/image/NDQwNDQ=
제주청보리차500ml,"2,000 ",ONE_PLUS_ONE,https://www.emart24.co.kr/image/NDQwNDc=
헛개땡큐골드100ml,"5,000 ",ONE_PLUS_ONE,https://www.emart24.co.kr/image/NDQwNTg=
레인보우샤베트워터500ml,"2,500 ",ONE_PLUS_ONE,https://www.emart24.co.kr/image/NDQwMzE=
피치요거트워터500ml,"2,500 ",ONE_PLUS_ONE,https://www.emart24.co.kr/image/NDQwMzA=
아르포텐100ml,"3,500 ",ONE_PLUS_ONE,https://www.emart24.co.kr/image/NDQwNjM=
헛개수EX500ml,"3,000 ",ONE_PLUS_ONE,https://www.emart24.co.kr/image/NDQwNDg=
티로그청귤아이스티제로500ml,"2,200 ",ONE_PLUS_ONE,https://www.emart24.co.kr/image/NDQwNTA=
티로그복숭아아이스티제로500ml,"2,200 ",ONE_PLUS_ONE,https://www.emart24.co.kr/image/NDQwNDk=
콤부차레몬제로340ml,"2,000 ",ONE_PLUS_ONE,https://www.emart24.co.kr/image/NDQwMzg=
콤부차피치제로340ml,"2,000 ",ONE_PLUS_ONE,https://www.emart24.co.kr/image/NDQwNDI=
1am스파클링페트라임350ml,"1,500 ",ONE_PLUS_ONE,https://www.emart24.co.kr/image/NDQwNjY=
타브카오리지널355ml,"1,800 ",ONE_PLUS_ONE,https://www.emart24.co.kr/image/NDQwNjg=
1am스파클링캔애플355ml,"1,200 ",ONE_PLUS_ONE,https://www.emart24.co.kr/image/NDQwNjE=
1am스파클링페트오렌지350ml,"1,500 ",ONE_PLUS_ONE,https://www.emart24.co.kr/image/NDQwNjc=
1am스파클링캔파인애플355ml,"1,200 ",ONE_PLUS_ONE,https://www.emart24.co.kr/image/NDQwNjU=
홈스테이크(150g살치살),"12,500 ",ONE_PLUS_ONE,https://www.emart24.co.kr/image/NDM5NzI=
홈스테이크(150g척로스트),"12,500 ",ONE_PLUS_ONE,https://www.emart24.co.kr/image/NDM5NzM=
홈스테이크(150g부채살),"12,500 ",ONE_PLUS_ONE,https://www.emart24.co.kr/image/NDM5NzU=
구슬알라무네오리지널200ml(S),"3,000 ",ONE_PLUS_ONE,https://www.emart24.co.kr/image/NDM5NzE=
구슬알라무네리치향200ml(S),"3,000 ",ONE_PLUS_ONE,https://www.emart24.co.kr/image/NDM5NzQ=
보성홍차아이스티복숭아500ml,"2,200 ",ONE_PLUS_ONE,https://www.emart24.co.kr/image/NDQwMjI=
보성홍차아이스티레몬500ml,"2,200 ",ONE_PLUS_ONE,https://www.emart24.co.kr/image/NDQwMTk=
투명이온500ML,"2,200 ",ONE_PLUS_ONE,https://www.emart24.co.kr/image/NDQwMjE=
2%복숭아500ml,"1,800 ",ONE_PLUS_ONE,https://www.emart24.co.kr/image/NDM5ODA=
스위트아메리카노캔275ml,"2,500 ",ONE_PLUS_ONE,https://www.emart24.co.kr/image/NDM5ODU=
프리미엄라떼캔275ml,"2,500 ",ONE_PLUS_ONE,https://www.emart24.co.kr/image/NDM5ODY=
콜드브루블랙275ml,"2,500 ",ONE_PLUS_ONE,https://www.emart24.co.kr/image/NDM5ODk=
밀키스캔340ml,"1,700 ",ONE_PLUS_ONE,https://www.emart24.co.kr/image/NDM5ODE=
카라멜마키아토캔275ml,"2,500 ",ONE_PLUS_ONE,https://www.emart24.co.kr/image/NDM5ODg=
2%아쿠아제로500ml,"1,800 ",ONE_PLUS_ONE,https://www.emart24.co.kr/image/NDM5ODI=
더킹파워355ml,"2,200 ",ONE_PLUS_ONE,https://www.emart24.co.kr/image/NDM5OTA=
깨수깡160ml,"5,000 ",ONE_PLUS_ONE,https://www.emart24.co.kr/image/NDM5ODQ=
펩시콜라캔355ml,"1,900 ",ONE_PLUS_ONE,https://www.emart24.co.kr/image/NDM5NzY=
더킹포스355ml,"2,200 ",ONE_PLUS_ONE,https://www.emart24.co.kr/image/NDM5OTI=
펩시콜라제로캔355ml,"1,900 ",ONE_PLUS_ONE,https://www.emart24.co.kr/image/NDM5Nzc=
더킹러쉬355ml,"2,200 ",ONE_PLUS_ONE,https://www.emart24.co.kr/image/NDM5OTM=
더킹제로355ml,"2,200 ",ONE_PLUS_ONE,https://www.emart24.co.kr/image/NDM5OTE=
흑임자라떼275ml,"2,500 ",ONE_PLUS_ONE,https://www.emart24.co.kr/image/NDM5ODc=
펩시콜라제로망고355ml,"1,900 ",ONE_PLUS_ONE,https://www.emart24.co.kr/image/NDM5Nzg=
핫식스제로캔250ml,"1,500 ",ONE_PLUS_ONE,https://www.emart24.co.kr/image/NDM5ODM=
더킹크러쉬피치355ml,"2,200 ",ONE_PLUS_ONE,https://www.emart24.co.kr/image/NDM5OTU=
마운틴듀캔355ml,"1,700 ",ONE_PLUS_ONE,https://www.emart24.co.kr/image/NDM5Nzk=
닥터페퍼제로355ml,"1,700 ",ONE_PLUS_ONE,https://www.emart24.co.kr/image/NDM5OTk=
제로레몬캔355ml,"2,000 ",ONE_PLUS_ONE,https://www.emart24.co.kr/image/NDM5OTY=
제로캔355ml,"2,000 ",ONE_PLUS_ONE,https://www.emart24.co.kr/image/NDM5OTQ=
스프라이트500ml,"2,000 ",ONE_PLUS_ONE,https://www.emart24.co.kr/image/NDM5OTc=
스프라이트제로500ml,"2,000 ",ONE_PLUS_ONE,https://www.emart24.co.kr/image/NDM5OTg=
갈배사이다제로500ml,"2,200 ",ONE_PLUS_ONE,https://www.emart24.co.kr/image/NDQwMDA=
한끼계란연두부110g,"2,200 ",ONE_PLUS_ONE,https://www.emart24.co.kr/image/NDM5Njk=
오곡누룽지페트500ml,"1,800 ",ONE_PLUS_ONE,https://www.emart24.co.kr/image/NDQwMTA=
빅토리아레몬500ml,"1,800 ",ONE_PLUS_ONE,https://www.emart24.co.kr/image/NDQwMTg=
광명찾은결명자차500ml,"1,800 ",ONE_PLUS_ONE,https://www.emart24.co.kr/image/NDQwMTE=
빅토리아청포도500ml,"1,800 ",ONE_PLUS_ONE,https://www.emart24.co.kr/image/NDQwMjA=
옥수수수염차500ml,"1,800 ",ONE_PLUS_ONE,https://www.emart24.co.kr/image/NDQwMDk=
티즐피치우롱티500ml,"2,200 ",ONE_PLUS_ONE,https://www.emart24.co.kr/image/NDQwMTI=
티즐유자그린티500ml,"2,200 ",ONE_PLUS_ONE,https://www.emart24.co.kr/image/NDQwMTM=
이온더핏제로500ml(new),"2,200 ",ONE_PLUS_ONE,https://www.emart24.co.kr/image/NDQwMTc=
티즐제로자몽블랙티500ml,"2,200 ",ONE_PLUS_ONE,https://www.emart24.co.kr/image/NDQwMTQ=
더말린복숭아제로500ml,"2,500 ",ONE_PLUS_ONE,https://www.emart24.co.kr/image/NDQwMTY=
더말린자몽제로500ml,"2,500 ",ONE_PLUS_ONE,https://www.emart24.co.kr/image/NDQwMTU=
옥수수수염차1.5L(12),"3,000 ",ONE_PLUS_ONE,https://www.emart24.co.kr/image/NDQwMDU=
진한헛개차1.5L,"3,000 ",ONE_PLUS_ONE,https://www.emart24.co.kr/image/NDQwMDY=
헛개파워100ml,"5,000 ",ONE_PLUS_ONE,https://www.emart24.co.kr/image/NDQwMDI=
밀싹보리차500ml,"1,800 ",ONE_PLUS_ONE,https://www.emart24.co.kr/image/NDQwMDM=
더진한헛개차골드라벨500ml,"3,000 ",ONE_PLUS_ONE,https://www.emart24.co.kr/image/NDQwMDQ=
비타500캔피지라임250ml,"1,600 ",ONE_PLUS_ONE,https://www.emart24.co.kr/image/NDQwMDE=
비앙떼허니유자캐모마일500ml,"2,500 ",ONE_PLUS_ONE,https://www.emart24.co.kr/image/NDQwMDg=
비앙떼허니자몽블랙티500ml,"2,500 ",ONE_PLUS_ONE,https://www.emart24.co.kr/image/NDQwMDc=
홈쿡간장닭목살(150g),"8,900 ",ONE_PLUS_ONE,https://www.emart24.co.kr/image/NDM5NzA=
팬시피스트(흰살생선캔),"2,200 ",TWO_PLUS_ONE,https://www.emart24.co.kr/image/NDU0Nzg=
팬시피스트퓨얼리(참치),"6,900 ",TWO_PLUS_ONE,https://www.emart24.co.kr/image/NDU0ODE=
쉬바멜티가다랑어2가지맛,"3,500 ",TWO_PLUS_ONE,https://www.emart24.co.kr/image/NDU0NzI=
쉬바멜티닭고기2가지맛,"3,500 ",TWO_PLUS_ONE,https://www.emart24.co.kr/image/NDU0NzU=
팬시피스트(연어캔),"2,200 ",TWO_PLUS_ONE,https://www.emart24.co.kr/image/NDU0ODA=
팬시피스트퓨얼리(연어),"6,900 ",TWO_PLUS_ONE,https://www.emart24.co.kr/image/NDU0ODM=
뉴트리스틱참치&닭가슴살56g*4입,"3,000 ",TWO_PLUS_ONE,https://www.emart24.co.kr/image/NDU0NzA=
퓨레키스치킨(10g*4),"3,500 ",TWO_PLUS_ONE,https://www.emart24.co.kr/image/NDU0ODQ=
퓨레키스참치(10g*4),"3,500 ",TWO_PLUS_ONE,https://www.emart24.co.kr/image/NDU0ODI=
프리스키파티믹스(클래식)60g,"4,500 ",TWO_PLUS_ONE,https://www.emart24.co.kr/image/NDU0ODY=
스윕수정테이프,"1,800 ",TWO_PLUS_ONE,https://www.emart24.co.kr/image/NDU0OTY=
심플리(닭고기)37g,"3,000 ",TWO_PLUS_ONE,https://www.emart24.co.kr/image/NDU0NzQ=
심플리(쇠고기)37g,"3,000 ",TWO_PLUS_ONE,https://www.emart24.co.kr/image/NDU0Njk=
치킨랩츄100g,"5,000 ",TWO_PLUS_ONE,https://www.emart24.co.kr/image/NDU0OTE=
우유향껌치킨100g,"5,000 ",TWO_PLUS_ONE,https://www.emart24.co.kr/image/NDU0OTI=
치즈치킨100g,"5,000 ",TWO_PLUS_ONE,https://www.emart24.co.kr/image/NDU0OTM=
슬라이스치킨100g,"5,000 ",TWO_PLUS_ONE,https://www.emart24.co.kr/image/NDU0OTU=
고구마치킨100g,"4,000 ",TWO_PLUS_ONE,https://www.emart24.co.kr/image/NDU0OTQ=
밥이보약하루양갱(애묘)유리너리56g,"4,400 ",TWO_PLUS_ONE,https://www.emart24.co.kr/image/NDU0ODc=
밥이보약하루양갱(애견)관절56g,"4,400 ",TWO_PLUS_ONE,https://www.emart24.co.kr/image/NDU0OTA=
밥이보약하루양갱(애묘)헤어볼56g,"4,400 ",TWO_PLUS_ONE,https://www.emart24.co.kr/image/NDU0ODg=
밥이보약하루양갱(애견)장56g,"4,400 ",TWO_PLUS_ONE,https://www.emart24.co.kr/image/NDU0ODk=
기화펜0.5mm(본체1입&리필10입),"1,800 ",TWO_PLUS_ONE,https://www.emart24.co.kr/image/NDU0OTg=
기화펜0.5mm(리필50입),"3,000 ",TWO_PLUS_ONE,https://www.emart24.co.kr/image/NDU0OTc=
알포성견용1.5KG,"14,500 ",TWO_PLUS_ONE,https://www.emart24.co.kr/image/NDU0ODU=
위스카스주니어참치80g,"1,500 ",TWO_PLUS_ONE,https://www.emart24.co.kr/image/NDU0Nzc=
위스카스고등어와연어80g,"1,500 ",TWO_PLUS_ONE,https://www.emart24.co.kr/image/NDU0Nzk=
위스카스오션피쉬1.2kg,"13,000 ",TWO_PLUS_ONE,https://www.emart24.co.kr/image/NDU0NzY=
쉬바참치와연어70g,"2,000 ",TWO_PLUS_ONE,https://www.emart24.co.kr/image/NDU0NzE=
쉬바참치와닭고기70g,"2,000 ",TWO_PLUS_ONE,https://www.emart24.co.kr/image/NDU0NzM=
드라이콤포트데오60ml(스프레이),"7,500 ",TWO_PLUS_ONE,https://www.emart24.co.kr/image/NDU0NDY=
선로션SPF50+_50ml,"8,700 ",TWO_PLUS_ONE,https://www.emart24.co.kr/image/NDU0NDc=
퍼펙트선세럼90ml,"20,800 ",TWO_PLUS_ONE,https://www.emart24.co.kr/image/NDU0NDQ=
스프레이200ml_매트&하드,"9,000 ",TWO_PLUS_ONE,https://www.emart24.co.kr/image/NDU0NDU=
왁스스타일링울트라하드,"9,800 ",TWO_PLUS_ONE,https://www.emart24.co.kr/image/NDU0NDI=
스프레이180g,"9,000 ",TWO_PLUS_ONE,https://www.emart24.co.kr/image/NDU0NDM=
스킨텍매뉴얼면도날2입,"27,000 ",TWO_PLUS_ONE,https://www.emart24.co.kr/image/NDU0NTM=
생리대14입(중),"8,900 ",TWO_PLUS_ONE,https://www.emart24.co.kr/image/NDU0MzQ=
베이비로션100ml,"6,000 ",TWO_PLUS_ONE,https://www.emart24.co.kr/image/NDU0NTg=
쿨민트마일드250ml,"5,000 ",TWO_PLUS_ONE,https://www.emart24.co.kr/image/NDU0NjA=
베이비오일125ml,"6,000 ",TWO_PLUS_ONE,https://www.emart24.co.kr/image/NDU0NTc=
오일컨트롤필름60장,"5,000 ",TWO_PLUS_ONE,https://www.emart24.co.kr/image/NDU0NTY=
훼이셜포밍클렌저150ml,"9,700 ",TWO_PLUS_ONE,https://www.emart24.co.kr/image/NDU0NTU=
쿨민트250ml,"5,000 ",TWO_PLUS_ONE,https://www.emart24.co.kr/image/NDU0NjE=
쿨민트100ml,"2,100 ",TWO_PLUS_ONE,https://www.emart24.co.kr/image/NDU0NjU=
그린티250ml,"5,000 ",TWO_PLUS_ONE,https://www.emart24.co.kr/image/NDU0NjI=
그린티100ml,"2,100 ",TWO_PLUS_ONE,https://www.emart24.co.kr/image/NDU0NjY=
청주식돼지김치짜글이450G,"7,800 ",TWO_PLUS_ONE,https://www.emart24.co.kr/image/NDU0Mjc=
짜슐랭봉지면,"1,400 ",TWO_PLUS_ONE,https://www.emart24.co.kr/image/NDU0MjQ=
참기름김치볶음면큰컵120g,"2,500 ",TWO_PLUS_ONE,https://www.emart24.co.kr/image/NDU0MTc=
빅컵누들매콤한맛큰컵,"2,500 ",TWO_PLUS_ONE,https://www.emart24.co.kr/image/NDU0MTg=
옛날사골곰탕500g,"2,500 ",TWO_PLUS_ONE,https://www.emart24.co.kr/image/NDU0Mjg=
안동식쇠고기국밥500g,"7,800 ",TWO_PLUS_ONE,https://www.emart24.co.kr/image/NDU0Mjk=
콕콕콕치즈게티큰컵,"2,300 ",TWO_PLUS_ONE,https://www.emart24.co.kr/image/NDU0MTQ=
진짬뽕봉지,"1,800 ",TWO_PLUS_ONE,https://www.emart24.co.kr/image/NDU0MjU=
참깨라면봉지,"1,350 ",TWO_PLUS_ONE,https://www.emart24.co.kr/image/NDU0MjI=
양평식선지해장국500g,"7,800 ",TWO_PLUS_ONE,https://www.emart24.co.kr/image/NDU0MjY=
순두부진짬뽕큰컵,"2,500 ",TWO_PLUS_ONE,https://www.emart24.co.kr/image/NDU0MTY=
열라면큰컵,"1,300 ",TWO_PLUS_ONE,https://www.emart24.co.kr/image/NDU0MTM=
컵누들우동맛소컵,"1,800 ",TWO_PLUS_ONE,https://www.emart24.co.kr/image/NDU0MjE=
참깨라면소컵,"1,300 ",TWO_PLUS_ONE,https://www.emart24.co.kr/image/NDU0MjA=
빅컵누들우동맛큰컵,"2,500 ",TWO_PLUS_ONE,https://www.emart24.co.kr/image/NDU0MTk=
육개장소컵,"1,000 ",TWO_PLUS_ONE,https://www.emart24.co.kr/image/NDU0MjM=
열려라참깨라면큰컵110g,"2,000 ",TWO_PLUS_ONE,https://www.emart24.co.kr/image/NDU0MTI=
참깨라면볶음면큰컵,"2,300 ",TWO_PLUS_ONE,https://www.emart24.co.kr/image/NDU0MTU=
뉴트리플랜흰살참치와멸치160g,"1,800 ",TWO_PLUS_ONE,https://www.emart24.co.kr/image/NDU0NjQ=
뉴트리플랜흰살참치와닭가슴살160g,"1,800 ",TWO_PLUS_ONE,https://www.emart24.co.kr/image/NDU0NjM=
뉴트리플랜흰살참치와연어160g,"1,800 ",TWO_PLUS_ONE,https://www.emart24.co.kr/image/NDU0Njc=
뉴트리스틱참치56g*4입,"3,000 ",TWO_PLUS_ONE,https://www.emart24.co.kr/image/NDU0Njg=
제이몬스터즈샴푸385ml_시트러스향,"23,000 ",TWO_PLUS_ONE,https://www.emart24.co.kr/image/NDU0Mzk=
핑크용기1000ml,"4,300 ",TWO_PLUS_ONE,https://www.emart24.co.kr/image/NDU0Mzc=
베이비로션화이트100ml,"6,000 ",TWO_PLUS_ONE,https://www.emart24.co.kr/image/NDU0NTk=
데일리모이스춰라이징로션71ml(NEW),"7,400 ",TWO_PLUS_ONE,https://www.emart24.co.kr/image/NDU0NTQ=
대일큐일반8매,"1,000 ",TWO_PLUS_ONE,https://www.emart24.co.kr/image/NDU0MzY=
대일아쿠아혼합8매,"2,700 ",TWO_PLUS_ONE,https://www.emart24.co.kr/image/NDU0MzM=
밴드스마트큐(밴드+연고),"4,900 ",TWO_PLUS_ONE,https://www.emart24.co.kr/image/NDU0MzU=
오리지널100ml,"2,100 ",TWO_PLUS_ONE,https://www.emart24.co.kr/image/NDU0NDA=
오리지널250ml,"4,500 ",TWO_PLUS_ONE,https://www.emart24.co.kr/image/NDU0NDE=
제로100ml,"2,100 ",TWO_PLUS_ONE,https://www.emart24.co.kr/image/NDU0Mzg=
선페이스오일컨트롤선베이스40ml,"15,900 ",TWO_PLUS_ONE,https://www.emart24.co.kr/image/NDU0NDg=
퀵엠보스4입(중),"1,700 ",TWO_PLUS_ONE,https://www.emart24.co.kr/image/NDU0MzE=
내몸에순한면라이너28입(일반),"5,300 ",TWO_PLUS_ONE,https://www.emart24.co.kr/image/NDU0MzA=
Y형손잡이치실(35입),"2,300 ",TWO_PLUS_ONE,https://www.emart24.co.kr/image/NDU0NDk=
일회용치간칫솔(35입),"1,900 ",TWO_PLUS_ONE,https://www.emart24.co.kr/image/NDU0NTA=
민트향치실50m(얇은굵기),"2,700 ",TWO_PLUS_ONE,https://www.emart24.co.kr/image/NDU0NTE=
치간칫솔0.7mm(10입),"3,900 ",TWO_PLUS_ONE,https://www.emart24.co.kr/image/NDU0NTI=
생리대4입(중),"3,400 ",TWO_PLUS_ONE,https://www.emart24.co.kr/image/NDU0MzI=
컵누들씨푸드스파이시소컵,"1,800 ",TWO_PLUS_ONE,https://www.emart24.co.kr/image/NDU0MDM=
컵누들씨푸드커리소컵,"1,800 ",TWO_PLUS_ONE,https://www.emart24.co.kr/image/NDU0MDQ=
포스트콘푸라이트300g,"4,500 ",TWO_PLUS_ONE,https://www.emart24.co.kr/image/NDUzODQ=
사리곰탕면봉지,"1,200 ",TWO_PLUS_ONE,https://www.emart24.co.kr/image/NDUzNzA=
무파마큰사발,"1,800 ",TWO_PLUS_ONE,https://www.emart24.co.kr/image/NDUzNzU=
오징어짬뽕큰사발,"1,800 ",TWO_PLUS_ONE,https://www.emart24.co.kr/image/NDUzNzY=
신라면블랙사발면,"1,800 ",TWO_PLUS_ONE,https://www.emart24.co.kr/image/NDUzNzQ=
배홍동비빔면,"1,200 ",TWO_PLUS_ONE,https://www.emart24.co.kr/image/NDUzNjk=
카구리큰사발,"1,800 ",TWO_PLUS_ONE,https://www.emart24.co.kr/image/NDUzNzI=
후루룩쌀국수미역국소컵,"1,800 ",TWO_PLUS_ONE,https://www.emart24.co.kr/image/NDUzNzc=
배홍동쫄쫄면,"1,700 ",TWO_PLUS_ONE,https://www.emart24.co.kr/image/NDUzNzE=
컵누룽Z중화풍해물맛소컵,"2,500 ",TWO_PLUS_ONE,https://www.emart24.co.kr/image/NDUzODM=
컵누룽Z닭백숙맛소컵,"2,500 ",TWO_PLUS_ONE,https://www.emart24.co.kr/image/NDUzODI=
신라면더레드봉지(한정),"1,500 ",TWO_PLUS_ONE,https://www.emart24.co.kr/image/NDUzNzM=
마열라면큰컵,"2,000 ",TWO_PLUS_ONE,https://www.emart24.co.kr/image/NDU0MTE=
양반전복죽,"4,500 ",TWO_PLUS_ONE,https://www.emart24.co.kr/image/NDUzOTA=
양반참치죽,"4,500 ",TWO_PLUS_ONE,https://www.emart24.co.kr/image/NDUzOTU=
양반단호박죽285g,"4,500 ",TWO_PLUS_ONE,https://www.emart24.co.kr/image/NDUzOTY=
양반쇠고기죽,"4,500 ",TWO_PLUS_ONE,https://www.emart24.co.kr/image/NDUzOTE=
양반야채죽,"4,500 ",TWO_PLUS_ONE,https://www.emart24.co.kr/image/NDUzOTc=
양반밤단팥죽285g,"4,500 ",TWO_PLUS_ONE,https://www.emart24.co.kr/image/NDUzOTQ=
양반영양닭죽285g,"4,500 ",TWO_PLUS_ONE,https://www.emart24.co.kr/image/NDUzOTM=
리챔120g,"4,200 ",TWO_PLUS_ONE,https://www.emart24.co.kr/image/NDUzODc=
리챔200g,"6,200 ",TWO_PLUS_ONE,https://www.emart24.co.kr/image/NDUzODk=
리챔더블라이트200g,"6,200 ",TWO_PLUS_ONE,https://www.emart24.co.kr/image/NDUzODg=
양반참기름식탁김17g,"1,800 ",TWO_PLUS_ONE,https://www.emart24.co.kr/image/NDUzODY=
양반김부각오리지널50g,"4,200 ",TWO_PLUS_ONE,https://www.emart24.co.kr/image/NDUzOTI=
쌀떡국큰컵,"3,900 ",TWO_PLUS_ONE,https://www.emart24.co.kr/image/NDUzODU=
불닭볶음탕면큰컵,"1,800 ",TWO_PLUS_ONE,https://www.emart24.co.kr/image/NDU0MDA=
하바네로불닭볶음면큰컵,"1,800 ",TWO_PLUS_ONE,https://www.emart24.co.kr/image/NDU0MDE=
야키소바불닭볶음면큰컵,"1,800 ",TWO_PLUS_ONE,https://www.emart24.co.kr/image/NDUzOTk=
로제불닭떡볶이큰컵,"3,500 ",TWO_PLUS_ONE,https://www.emart24.co.kr/image/NDU0MDI=
켈로그첵스초코컵시리얼,"1,900 ",TWO_PLUS_ONE,https://www.emart24.co.kr/image/NDUzNzk=
켈로그아몬드후레이크컵시리얼,"1,900 ",TWO_PLUS_ONE,https://www.emart24.co.kr/image/NDUzODE=
후르트링컵시리얼,"1,900 ",TWO_PLUS_ONE,https://www.emart24.co.kr/image/NDUzODA=
켈로그콘푸로스트컵시리얼,"1,900 ",TWO_PLUS_ONE,https://www.emart24.co.kr/image/NDUzNzg=
생크림로제스파게티220g,"4,700 ",TWO_PLUS_ONE,https://www.emart24.co.kr/image/NDUzOTg=
장인라면얼큰한맛큰컵,"2,800 ",TWO_PLUS_ONE,https://www.emart24.co.kr/image/NDU0MDg=
장인라면담백한맛큰컵,"2,800 ",TWO_PLUS_ONE,https://www.emart24.co.kr/image/NDU0MTA=
세이면잔치국수큰컵,"2,650 ",TWO_PLUS_ONE,https://www.emart24.co.kr/image/NDU0MDU=
세이면짬뽕큰컵,"2,650 ",TWO_PLUS_ONE,https://www.emart24.co.kr/image/NDU0MDc=
세이면북엇국수큰컵,"2,650 ",TWO_PLUS_ONE,https://www.emart24.co.kr/image/NDU0MDY=
챔라면큰컵,"3,800 ",TWO_PLUS_ONE,https://www.emart24.co.kr/image/NDU0MDk=
햇반작은공기130g,"1,700 ",TWO_PLUS_ONE,https://www.emart24.co.kr/image/NDUzMDU=
햇반발아현미밥210g(36),"2,900 ",TWO_PLUS_ONE,https://www.emart24.co.kr/image/NDUzMTM=
스팸라이트340g,"8,200 ",TWO_PLUS_ONE,https://www.emart24.co.kr/image/NDUzNjY=
스팸라이트200g,"6,200 ",TWO_PLUS_ONE,https://www.emart24.co.kr/image/NDUzNjQ=
햇반흑미밥210g(36),"2,900 ",TWO_PLUS_ONE,https://www.emart24.co.kr/image/NDUzMTE=
큰햇반300g(30),"2,900 ",TWO_PLUS_ONE,https://www.emart24.co.kr/image/NDUzMDk=
햇반200g*3입,"5,700 ",TWO_PLUS_ONE,https://www.emart24.co.kr/image/NDUzNDk=
스팸싱글클래식80g,"3,500 ",TWO_PLUS_ONE,https://www.emart24.co.kr/image/NDUzNjI=
햇반발아현미밥130g*3입,"5,950 ",TWO_PLUS_ONE,https://www.emart24.co.kr/image/NDUzNTM=
햇반흑미밥130g*3입,"5,950 ",TWO_PLUS_ONE,https://www.emart24.co.kr/image/NDUzNTQ=
햇반300g*3입,"8,300 ",TWO_PLUS_ONE,https://www.emart24.co.kr/image/NDUzNjE=
햇반210g(48),"2,100 ",TWO_PLUS_ONE,https://www.emart24.co.kr/image/NDUzMDg=
햇반순두부찌개국밥,"4,200 ",TWO_PLUS_ONE,https://www.emart24.co.kr/image/NDUzMjI=
햇반사골곰탕국밥,"4,200 ",TWO_PLUS_ONE,https://www.emart24.co.kr/image/NDUzMjE=
햇반황태국밥,"4,200 ",TWO_PLUS_ONE,https://www.emart24.co.kr/image/NDUzMjM=
햇반미역국밥,"4,200 ",TWO_PLUS_ONE,https://www.emart24.co.kr/image/NDUzMjA=
햇반강된장보리비빔밥,"4,800 ",TWO_PLUS_ONE,https://www.emart24.co.kr/image/NDUzMzQ=
햇반소고기육개장국밥,"4,800 ",TWO_PLUS_ONE,https://www.emart24.co.kr/image/NDUzMzY=
햇반직화짜장덮밥,"4,800 ",TWO_PLUS_ONE,https://www.emart24.co.kr/image/NDUzNDA=
스팸클래식340g,"8,200 ",TWO_PLUS_ONE,https://www.emart24.co.kr/image/NDUzNjU=
스팸클래식200g,"6,200 ",TWO_PLUS_ONE,https://www.emart24.co.kr/image/NDUzNjM=
비비고육개장500g,"5,900 ",TWO_PLUS_ONE,https://www.emart24.co.kr/image/NDUzNTA=
비비고스팸부대찌개460G,"7,900 ",TWO_PLUS_ONE,https://www.emart24.co.kr/image/NDUzNTg=
비비고미역국500g,"5,900 ",TWO_PLUS_ONE,https://www.emart24.co.kr/image/NDUzNTU=
햇반직화불고기덮밥,"4,800 ",TWO_PLUS_ONE,https://www.emart24.co.kr/image/NDUzMzM=
비비고소고기장터국500g,"5,900 ",TWO_PLUS_ONE,https://www.emart24.co.kr/image/NDUzNTI=
햇반철판김치덮밥,"4,800 ",TWO_PLUS_ONE,https://www.emart24.co.kr/image/NDUzMzU=
햇반전복죽,"4,500 ",TWO_PLUS_ONE,https://www.emart24.co.kr/image/NDUzMjQ=
햇반매일잡곡밥210g(36),"2,900 ",TWO_PLUS_ONE,https://www.emart24.co.kr/image/NDUzMTA=
햇반매일잡곡밥210g*3입,"7,200 ",TWO_PLUS_ONE,https://www.emart24.co.kr/image/NDUzNTY=
햇반스팸마요덮밥,"4,800 ",TWO_PLUS_ONE,https://www.emart24.co.kr/image/NDUzMzA=
햇반버터장조림비빔밥,"4,800 ",TWO_PLUS_ONE,https://www.emart24.co.kr/image/NDUzMzI=
비비고차돌된장찌개460G,"7,900 ",TWO_PLUS_ONE,https://www.emart24.co.kr/image/NDUzNTk=
햇반누룽지닭백숙죽,"4,500 ",TWO_PLUS_ONE,https://www.emart24.co.kr/image/NDUzMjU=
햇반버섯야채죽,"4,500 ",TWO_PLUS_ONE,https://www.emart24.co.kr/image/NDUzMjc=
햇반단호박죽,"4,500 ",TWO_PLUS_ONE,https://www.emart24.co.kr/image/NDUzMjY=
비비고돼지고기김치찌개460G,"7,900 ",TWO_PLUS_ONE,https://www.emart24.co.kr/image/NDUzNjA=
햇반치킨마요덮밥,"4,800 ",TWO_PLUS_ONE,https://www.emart24.co.kr/image/NDUzMzE=
햇반매일찰잡곡밥210g*3입,"7,200 ",TWO_PLUS_ONE,https://www.emart24.co.kr/image/NDUzNTc=
햇반김치날치알밥컵밥,"4,800 ",TWO_PLUS_ONE,https://www.emart24.co.kr/image/NDUzNDI=
햇반참치마요덮밥,"4,800 ",TWO_PLUS_ONE,https://www.emart24.co.kr/image/NDUzNDE=
햇반현미쌀밥210g(36),"2,900 ",TWO_PLUS_ONE,https://www.emart24.co.kr/image/NDUzMTI=
햇반스팸김치덮밥,"4,800 ",TWO_PLUS_ONE,https://www.emart24.co.kr/image/NDUzMjg=
햇반빅스팸마요덮밥,"5,400 ",TWO_PLUS_ONE,https://www.emart24.co.kr/image/NDUzNDU=
햇반빅치킨마요덮밥,"5,400 ",TWO_PLUS_ONE,https://www.emart24.co.kr/image/NDUzNDc=
햇반새우계란죽,"4,500 ",TWO_PLUS_ONE,https://www.emart24.co.kr/image/NDUzMjk=
햇반빅치즈닭갈비덮밥,"5,400 ",TWO_PLUS_ONE,https://www.emart24.co.kr/image/NDUzMzk=
햇반빅간장삼겹덮밥,"5,400 ",TWO_PLUS_ONE,https://www.emart24.co.kr/image/NDUzNDQ=
햇반빅김치삼겹덮밥,"5,400 ",TWO_PLUS_ONE,https://www.emart24.co.kr/image/NDUzNDM=
비비고꼬리곰탕460g,"9,900 ",TWO_PLUS_ONE,https://www.emart24.co.kr/image/NDUzNjg=
사골시래기된장국460g,"5,900 ",TWO_PLUS_ONE,https://www.emart24.co.kr/image/NDUzNTE=
햇반현미귀리곤약밥150g,"3,900 ",TWO_PLUS_ONE,https://www.emart24.co.kr/image/NDUzMTQ=
햇반귀리흑미곤약밥150g,"3,900 ",TWO_PLUS_ONE,https://www.emart24.co.kr/image/NDUzMTU=
햇반불닭소스치킨덮밥,"4,800 ",TWO_PLUS_ONE,https://www.emart24.co.kr/image/NDUzMzc=
햇반불닭소스스팸덮밥,"4,800 ",TWO_PLUS_ONE,https://www.emart24.co.kr/image/NDUzMzg=
비비고수삼갈비탕400g,"9,900 ",TWO_PLUS_ONE,https://www.emart24.co.kr/image/NDUzNjc=
햇반빅소고기미역국밥,"5,400 ",TWO_PLUS_ONE,https://www.emart24.co.kr/image/NDUzNDY=
햇반빅황태콩나물국밥,"5,400 ",TWO_PLUS_ONE,https://www.emart24.co.kr/image/NDUzNDg=
햇반닭가슴살곤약죽,"3,900 ",TWO_PLUS_ONE,https://www.emart24.co.kr/image/NDUzMTY=
햇반베이컨감자크림수프180g,"3,900 ",TWO_PLUS_ONE,https://www.emart24.co.kr/image/NDUzMTg=
햇반단호박크림수프180g,"3,900 ",TWO_PLUS_ONE,https://www.emart24.co.kr/image/NDUzMTk=
햇반양송이크림수프180g,"3,900 ",TWO_PLUS_ONE,https://www.emart24.co.kr/image/NDUzMTc=
치즈웨하스미니,"2,900 ",TWO_PLUS_ONE,https://www.emart24.co.kr/image/NDUzMDY=
초당옥수수팝콘50g,"1,700 ",TWO_PLUS_ONE,https://www.emart24.co.kr/image/NDUzMDc=
프로틴칩오리지널(12),"1,900 ",TWO_PLUS_ONE,https://www.emart24.co.kr/image/NDUzMDM=
프로틴칩스윗칠리맛(12),"1,900 ",TWO_PLUS_ONE,https://www.emart24.co.kr/image/NDUzMDQ=
퍼지바밀크500,500 ,TWO_PLUS_ONE,https://www.emart24.co.kr/image/NDUzMDI=
비스코프93g,"2,000 ",TWO_PLUS_ONE,https://www.emart24.co.kr/image/NDUzMDA=
글라사떼패스츄리135g,"2,000 ",TWO_PLUS_ONE,https://www.emart24.co.kr/image/NDUyODY=
닭다리너겟130g(12),"3,300 ",TWO_PLUS_ONE,https://www.emart24.co.kr/image/NDUyNzg=
고구마깡83g(16),"1,700 ",TWO_PLUS_ONE,https://www.emart24.co.kr/image/NDUyNzY=
바나나킥75g(20),"1,700 ",TWO_PLUS_ONE,https://www.emart24.co.kr/image/NDUyNzk=
포테토칩잭슨페퍼로니맛50g(16),"1,700 ",TWO_PLUS_ONE,https://www.emart24.co.kr/image/NDUyNzc=
쌀로별뽀빠이강정100g(12),"2,000 ",TWO_PLUS_ONE,https://www.emart24.co.kr/image/NDUyOTE=
쫀득초코칩찰떡쿠키90g,"2,000 ",TWO_PLUS_ONE,https://www.emart24.co.kr/image/NDUyODQ=
딱좋은스틱50g(20),"1,500 ",TWO_PLUS_ONE,https://www.emart24.co.kr/image/NDUyODg=
더맛있는대롱과자115g(12),"1,700 ",TWO_PLUS_ONE,https://www.emart24.co.kr/image/NDUyOTI=
달콤한강냉이스낵65g(12),"1,700 ",TWO_PLUS_ONE,https://www.emart24.co.kr/image/NDUyOTU=
김맛트위스트스낵100g(16),"1,700 ",TWO_PLUS_ONE,https://www.emart24.co.kr/image/NDUyOTg=
로제맛파스타스낵95g(16),"1,700 ",TWO_PLUS_ONE,https://www.emart24.co.kr/image/NDUyOTY=
단백질칩어니언갈릭50g,"2,500 ",TWO_PLUS_ONE,https://www.emart24.co.kr/image/NDUyOTA=
단백질칩스윗밀크맛50g,"2,500 ",TWO_PLUS_ONE,https://www.emart24.co.kr/image/NDUyODk=
단백질칩나쵸치즈50g,"2,500 ",TWO_PLUS_ONE,https://www.emart24.co.kr/image/NDUyODc=
단백질구이칩구운양파25g,"4,000 ",TWO_PLUS_ONE,https://www.emart24.co.kr/image/NDUyOTM=
단백질구이칩스위트칠리맛25g,"4,000 ",TWO_PLUS_ONE,https://www.emart24.co.kr/image/NDUyOTQ=
두부아몬드스낵50g(40),"2,500 ",TWO_PLUS_ONE,https://www.emart24.co.kr/image/NDUyODI=
퍼지바초코500,500 ,TWO_PLUS_ONE,https://www.emart24.co.kr/image/NDUzMDE=
초코아몬드찰떡파이88g,"2,500 ",TWO_PLUS_ONE,https://www.emart24.co.kr/image/NDUyODA=
두부현미스낵50g(40),"2,500 ",TWO_PLUS_ONE,https://www.emart24.co.kr/image/NDUyODE=
모구모구젤리리치맛150g,"1,500 ",TWO_PLUS_ONE,https://www.emart24.co.kr/image/NDUyODM=
모구모구젤리딸기맛150g,"1,500 ",TWO_PLUS_ONE,https://www.emart24.co.kr/image/NDUyODU=
티포카라멜쿠키90g,"2,500 ",TWO_PLUS_ONE,https://www.emart24.co.kr/image/NDUyNzM=
티포요거트캐슈쿠키94.5g,"2,500 ",TWO_PLUS_ONE,https://www.emart24.co.kr/image/NDUyNzU=
티포에그쿠키90g,"2,500 ",TWO_PLUS_ONE,https://www.emart24.co.kr/image/NDUyNzI=
감자크래커75g,"1,500 ",TWO_PLUS_ONE,https://www.emart24.co.kr/image/NDUyOTk=
양파크래커75g,"1,500 ",TWO_PLUS_ONE,https://www.emart24.co.kr/image/NDUyOTc=
쥬페르치즈크래커138g,"1,800 ",TWO_PLUS_ONE,https://www.emart24.co.kr/image/NDUyNzQ=
말키스트카푸치노크래커90g,"1,800 ",TWO_PLUS_ONE,https://www.emart24.co.kr/image/NDUyNzA=
피넛버터샌드위치120g,"2,600 ",TWO_PLUS_ONE,https://www.emart24.co.kr/image/NDUyNjk=
치즈샌드위치112g,"2,600 ",TWO_PLUS_ONE,https://www.emart24.co.kr/image/NDUyNzE=
다이노렉스100g,"2,500 ",TWO_PLUS_ONE,https://www.emart24.co.kr/image/NDUyMTM=
아폴로초콜릿46g,"2,500 ",TWO_PLUS_ONE,https://www.emart24.co.kr/image/NDUyMTQ=
초코베이비32g,"2,500 ",TWO_PLUS_ONE,https://www.emart24.co.kr/image/NDUyMTY=
아폴로35g,800 ,TWO_PLUS_ONE,https://www.emart24.co.kr/image/NDUxOTE=
레오33.3g,"1,300 ",TWO_PLUS_ONE,https://www.emart24.co.kr/image/NDUxOTQ=
로쉐T3,"2,700 ",TWO_PLUS_ONE,https://www.emart24.co.kr/image/NDUyMjA=
로쉐T5,"4,300 ",TWO_PLUS_ONE,https://www.emart24.co.kr/image/NDUyMTk=
킨더해피히포21g,900 ,TWO_PLUS_ONE,https://www.emart24.co.kr/image/NDUyMjQ=
킨더초콜렛T4,"1,700 ",TWO_PLUS_ONE,https://www.emart24.co.kr/image/NDUyMjI=
퍼니벌스100g,"2,500 ",TWO_PLUS_ONE,https://www.emart24.co.kr/image/NDUyMDk=
사우어옥토퍼스100g,"2,500 ",TWO_PLUS_ONE,https://www.emart24.co.kr/image/NDUyMTA=
애플링스100g,"2,500 ",TWO_PLUS_ONE,https://www.emart24.co.kr/image/NDUyMTE=
피치링스100g,"2,500 ",TWO_PLUS_ONE,https://www.emart24.co.kr/image/NDUyMDc=
트로픽오스100g,"2,500 ",TWO_PLUS_ONE,https://www.emart24.co.kr/image/NDUyMTI=
담라미니캔디 40g,600 ,TWO_PLUS_ONE,https://www.emart24.co.kr/image/NDUyMTc=
에이스121g,"1,700 ",TWO_PLUS_ONE,https://www.emart24.co.kr/image/NDUyMzc=
후렌치파이딸기192g,"4,200 ",TWO_PLUS_ONE,https://www.emart24.co.kr/image/NDUyMzU=
후렌치파이사과192g,"4,200 ",TWO_PLUS_ONE,https://www.emart24.co.kr/image/NDUyMzI=
아이비58g(W),"1,200 ",TWO_PLUS_ONE,https://www.emart24.co.kr/image/NDUyMzk=
오예스360g,"6,000 ",TWO_PLUS_ONE,https://www.emart24.co.kr/image/NDUyMzA=
오예스미니192g12입,"3,600 ",TWO_PLUS_ONE,https://www.emart24.co.kr/image/NDUyMzQ=
오예스쿠키&크림360g,"6,000 ",TWO_PLUS_ONE,https://www.emart24.co.kr/image/NDUyMzE=
샌드에이스찐초코68g,"1,700 ",TWO_PLUS_ONE,https://www.emart24.co.kr/image/NDUyMzg=
맛동산165g(중)(12),"3,200 ",TWO_PLUS_ONE,https://www.emart24.co.kr/image/NDUyMzM=
맛동산90g(10),"2,000 ",TWO_PLUS_ONE,https://www.emart24.co.kr/image/NDUyMzY=
구운양파60g(16),"1,700 ",TWO_PLUS_ONE,https://www.emart24.co.kr/image/NDUyNDA=
씬즈바닐라무스,"2,000 ",TWO_PLUS_ONE,https://www.emart24.co.kr/image/NDUyMjM=
치즈샌드,"2,200 ",TWO_PLUS_ONE,https://www.emart24.co.kr/image/NDUyMjg=
레몬샌드96g,"2,200 ",TWO_PLUS_ONE,https://www.emart24.co.kr/image/NDUyMjk=
레드벨벳샌드위치쿠키94g,"2,000 ",TWO_PLUS_ONE,https://www.emart24.co.kr/image/NDUyMjU=
씬즈초코무스84g,"2,000 ",TWO_PLUS_ONE,https://www.emart24.co.kr/image/NDUyMjE=
민트초코80g,"2,000 ",TWO_PLUS_ONE,https://www.emart24.co.kr/image/NDUyMjc=
시나몬번80g,"2,000 ",TWO_PLUS_ONE,https://www.emart24.co.kr/image/NDUyMjY=
후르트민트피치향21g,"2,000 ",TWO_PLUS_ONE,https://www.emart24.co.kr/image/NDUyMTg=
꼬깔콘고소한맛134g(중),"3,400 ",TWO_PLUS_ONE,https://www.emart24.co.kr/image/NDUyNTk=
꼬깔콘군옥수수맛134g(중),"3,400 ",TWO_PLUS_ONE,https://www.emart24.co.kr/image/NDUyNjA=
꼬깔콘매콤달콤한맛134g(중),"3,400 ",TWO_PLUS_ONE,https://www.emart24.co.kr/image/NDUyNjE=
도리토스갈비천왕치킨맛84g(16),"1,700 ",TWO_PLUS_ONE,https://www.emart24.co.kr/image/NDUyNjU=
도리토스나쵸치즈84g(16),"1,700 ",TWO_PLUS_ONE,https://www.emart24.co.kr/image/NDUyNjI=
치토스매콤달콤한맛164g(중),"3,400 ",TWO_PLUS_ONE,https://www.emart24.co.kr/image/NDUyNjQ=
치토스바베큐맛164g(중),"3,400 ",TWO_PLUS_ONE,https://www.emart24.co.kr/image/NDUyNjM=
빈츠102g,"2,800 ",TWO_PLUS_ONE,https://www.emart24.co.kr/image/NDUyNTQ=
크런키더블크런치바,"1,000 ",TWO_PLUS_ONE,https://www.emart24.co.kr/image/NDUxODg=
키세스밀크52g(냉장),"2,100 ",TWO_PLUS_ONE,https://www.emart24.co.kr/image/NDUxOTI=
키세스아몬드52g(냉장),"2,100 ",TWO_PLUS_ONE,https://www.emart24.co.kr/image/NDUxOTM=
키세스쿠앤크52g(냉장),"2,100 ",TWO_PLUS_ONE,https://www.emart24.co.kr/image/NDUxOTA=
제크오리지날100gR,"1,600 ",TWO_PLUS_ONE,https://www.emart24.co.kr/image/NDUyNTc=
빠다코코낫100gR,"1,600 ",TWO_PLUS_ONE,https://www.emart24.co.kr/image/NDUyNTg=
롯데샌드105gR,"1,600 ",TWO_PLUS_ONE,https://www.emart24.co.kr/image/NDUyNTU=
빈츠카페모카102g,"2,800 ",TWO_PLUS_ONE,https://www.emart24.co.kr/image/NDUyNTY=
더블크런치바쿠앤크33g,"1,000 ",TWO_PLUS_ONE,https://www.emart24.co.kr/image/NDUxODk=
버터와플135g,"3,000 ",TWO_PLUS_ONE,https://www.emart24.co.kr/image/NDUyNDU=
카라멜콘&땅콩1500(16),"1,500 ",TWO_PLUS_ONE,https://www.emart24.co.kr/image/NDUyNDY=
콘초1500(18),"1,500 ",TWO_PLUS_ONE,https://www.emart24.co.kr/image/NDUyNDQ=
콘치1500(18),"1,500 ",TWO_PLUS_ONE,https://www.emart24.co.kr/image/NDUyNDM=
못말리는신짱120g(16),"1,500 ",TWO_PLUS_ONE,https://www.emart24.co.kr/image/NDUyNDI=
쿠크다스커피128g,"3,000 ",TWO_PLUS_ONE,https://www.emart24.co.kr/image/NDUyNDk=
산도딸기161g,"2,500 ",TWO_PLUS_ONE,https://www.emart24.co.kr/image/NDUyNDg=
뽀또치즈92g,"1,500 ",TWO_PLUS_ONE,https://www.emart24.co.kr/image/NDUyNDc=
메탈카드봇카드웨하스21g,"1,800 ",TWO_PLUS_ONE,https://www.emart24.co.kr/image/NDUxOTc=
꼬마솜사탕4g,700 ,TWO_PLUS_ONE,https://www.emart24.co.kr/image/NDUxOTg=
허쉬초콜릿칩쿠키72g,"2,500 ",TWO_PLUS_ONE,https://www.emart24.co.kr/image/NDUyNTE=
곤약쫀드기옥수수맛35g,"1,200 ",TWO_PLUS_ONE,https://www.emart24.co.kr/image/NDUyMDM=
곤약쫀드기츄러스맛35g,"1,200 ",TWO_PLUS_ONE,https://www.emart24.co.kr/image/NDUyMDg=
캐치캐치비타씨40정(44g),"2,800 ",TWO_PLUS_ONE,https://www.emart24.co.kr/image/NDUyMDY=
하츄핑의달콤한과일맛젤리50g,"1,800 ",TWO_PLUS_ONE,https://www.emart24.co.kr/image/NDUyMDA=
퐁당핑의쫄깃한요거트젤리50g,"1,800 ",TWO_PLUS_ONE,https://www.emart24.co.kr/image/NDUyMDE=
꾸래핑의새콤달콤사워젤리50g,"1,800 ",TWO_PLUS_ONE,https://www.emart24.co.kr/image/NDUyMDI=
행운핑의상큼한필링젤리50g,"1,800 ",TWO_PLUS_ONE,https://www.emart24.co.kr/image/NDUyMDQ=
나쵸치즈맛바프볼70g,"2,000 ",TWO_PLUS_ONE,https://www.emart24.co.kr/image/NDUyNjg=
콘스프맛바프볼70g,"2,000 ",TWO_PLUS_ONE,https://www.emart24.co.kr/image/NDUyNjc=
몰랑이스트랩9g,"3,000 ",TWO_PLUS_ONE,https://www.emart24.co.kr/image/NDUyMDU=
감자알칩치즈마요맛42g(20),"1,200 ",TWO_PLUS_ONE,https://www.emart24.co.kr/image/NDUyNDE=
초코팝콘50g(12),"1,500 ",TWO_PLUS_ONE,https://www.emart24.co.kr/image/NDUyNTA=
옥수수통칩50g,"1,500 ",TWO_PLUS_ONE,https://www.emart24.co.kr/image/NDUyNTI=
쫀득쫀득쫀드기튀김떡볶이맛50g,"2,000 ",TWO_PLUS_ONE,https://www.emart24.co.kr/image/NDUxOTU=
쫀득쫀득쫀드기튀김버터구이오징어맛50g,"2,000 ",TWO_PLUS_ONE,https://www.emart24.co.kr/image/NDUxOTk=
쫀득쫀득쫀드기튀김불불닭맛50g,"2,000 ",TWO_PLUS_ONE,https://www.emart24.co.kr/image/NDUxOTY=
사워벨트1M젤리55g,"1,700 ",TWO_PLUS_ONE,https://www.emart24.co.kr/image/NDUyMTU=
라면스낵치킨맛30G,600 ,TWO_PLUS_ONE,https://www.emart24.co.kr/image/NDUyNjY=
데니쉬버터쿠키80g,"2,500 ",TWO_PLUS_ONE,https://www.emart24.co.kr/image/NDUyNTM=
크런키34g(냉장),"1,200 ",TWO_PLUS_ONE,https://www.emart24.co.kr/image/NDUxODI=
가나초콜렛34g(냉장),"1,200 ",TWO_PLUS_ONE,https://www.emart24.co.kr/image/NDUxODE=
젤리셔스메론먹은죠스바듀오60g,"1,200 ",TWO_PLUS_ONE,https://www.emart24.co.kr/image/NDUxNzg=
젤리셔스포도먹은구미60g,"1,200 ",TWO_PLUS_ONE,https://www.emart24.co.kr/image/NDUxNzk=
크런키초코바30g,"1,000 ",TWO_PLUS_ONE,https://www.emart24.co.kr/image/NDUxODc=
ABC초코쿠키쿠앤크43g,"1,200 ",TWO_PLUS_ONE,https://www.emart24.co.kr/image/NDUxODU=
초단백질바40g,"1,200 ",TWO_PLUS_ONE,https://www.emart24.co.kr/image/NDUxODM=
핵짱셔요후르츠51g,"1,200 ",TWO_PLUS_ONE,https://www.emart24.co.kr/image/NDUxODA=
핵짱셔요콜라50g,"1,200 ",TWO_PLUS_ONE,https://www.emart24.co.kr/image/NDUxNzY=
초에너지바40g,"1,200 ",TWO_PLUS_ONE,https://www.emart24.co.kr/image/NDUxODY=
ABC초코쿠키50g,"1,200 ",TWO_PLUS_ONE,https://www.emart24.co.kr/image/NDUxODQ=
구미당기는구미70g,"1,200 ",TWO_PLUS_ONE,https://www.emart24.co.kr/image/NDUxNzc=
투유우유초콜릿60g,"1,500 ",TWO_PLUS_ONE,https://www.emart24.co.kr/image/NDUxNzE=
톡핑아몬드초콜릿43g,"1,500 ",TWO_PLUS_ONE,https://www.emart24.co.kr/image/NDUxNjk=
톡핑헤이즐넛초콜릿43g,"1,500 ",TWO_PLUS_ONE,https://www.emart24.co.kr/image/NDUxNzI=
땅콩강정1500(12),"1,500 ",TWO_PLUS_ONE,https://www.emart24.co.kr/image/NDUxNzA=
피지웜100g,"1,800 ",TWO_PLUS_ONE,https://www.emart24.co.kr/image/NDUxNzM=
스몰콜라병모양100g,"1,800 ",TWO_PLUS_ONE,https://www.emart24.co.kr/image/NDUxNzQ=
라즈베리&블랙베리85g,"1,800 ",TWO_PLUS_ONE,https://www.emart24.co.kr/image/NDUxNzU=
히치스디노크랄렌(비건)125g,"3,500 ",TWO_PLUS_ONE,https://www.emart24.co.kr/image/NDUxNjA=
쉬누르딸기비건젤리125g,"3,500 ",TWO_PLUS_ONE,https://www.emart24.co.kr/image/NDUxNjE=
히치스수수깡젤리오리지날40g(A),"2,500 ",TWO_PLUS_ONE,https://www.emart24.co.kr/image/NDUxNTU=
머메이드수수깡젤리40g(A),"2,500 ",TWO_PLUS_ONE,https://www.emart24.co.kr/image/NDUxNTg=
버블검수수깡젤리40g,"2,500 ",TWO_PLUS_ONE,https://www.emart24.co.kr/image/NDUxNTk=
쥬시드롭디퍼즈96g,"5,000 ",TWO_PLUS_ONE,https://www.emart24.co.kr/image/NDUxNDU=
사천매콤쫀드기30g,800 ,TWO_PLUS_ONE,https://www.emart24.co.kr/image/NDUxMzY=
무설탕글라시어민트40g,"2,500 ",TWO_PLUS_ONE,https://www.emart24.co.kr/image/NDUxNDI=
무설탕크랜베리,"2,500 ",TWO_PLUS_ONE,https://www.emart24.co.kr/image/NDUxNDQ=
무설탕레몬,"2,500 ",TWO_PLUS_ONE,https://www.emart24.co.kr/image/NDUxNDE=
키커바1000,"1,000 ",TWO_PLUS_ONE,https://www.emart24.co.kr/image/NDUxNTA=
키커바시리얼1000,"1,000 ",TWO_PLUS_ONE,https://www.emart24.co.kr/image/NDUxNDk=
땅콩카라멜120g,"2,000 ",TWO_PLUS_ONE,https://www.emart24.co.kr/image/NDUxNDc=
무화과베리그래놀라바35g,"1,200 ",TWO_PLUS_ONE,https://www.emart24.co.kr/image/NDUxNjI=
카카오그래놀라바40g,"1,200 ",TWO_PLUS_ONE,https://www.emart24.co.kr/image/NDUxNjM=
그래놀라철분바고소한맛35g,"1,200 ",TWO_PLUS_ONE,https://www.emart24.co.kr/image/NDUxNjQ=
왕고래밥볶음1200(24),"1,200 ",TWO_PLUS_ONE,https://www.emart24.co.kr/image/NDUxNjc=
포도알맹이젤리67g,"1,200 ",TWO_PLUS_ONE,https://www.emart24.co.kr/image/NDUxNjU=
자두알맹이젤리67g,"1,200 ",TWO_PLUS_ONE,https://www.emart24.co.kr/image/NDUxNjY=
리찌알맹이젤리67g,"1,200 ",TWO_PLUS_ONE,https://www.emart24.co.kr/image/NDUxNjg=
이클립스페퍼민트34g,"3,000 ",TWO_PLUS_ONE,https://www.emart24.co.kr/image/NDUxNTI=
이클립스피치34g,"3,000 ",TWO_PLUS_ONE,https://www.emart24.co.kr/image/NDUxNTQ=
이클립스스트로베리34g,"3,000 ",TWO_PLUS_ONE,https://www.emart24.co.kr/image/NDUxNTM=
이클립스소프트캔디레몬민트45g,"1,800 ",TWO_PLUS_ONE,https://www.emart24.co.kr/image/NDUxNTY=
이클립스소프트캔디청포도45g,"1,800 ",TWO_PLUS_ONE,https://www.emart24.co.kr/image/NDUxNTc=
이클립스워터멜론30g,"3,000 ",TWO_PLUS_ONE,https://www.emart24.co.kr/image/NDUxNTE=
프루팁스오리지널30g,"1,000 ",TWO_PLUS_ONE,https://www.emart24.co.kr/image/NDUxNDY=
드래곤볼Z모양젤리28g,"1,000 ",TWO_PLUS_ONE,https://www.emart24.co.kr/image/NDUxMzc=
드래곤볼Z키링캔디8g,"3,000 ",TWO_PLUS_ONE,https://www.emart24.co.kr/image/NDUxNDA=
크레용신짱액자컬렉션캔디8g,"3,500 ",TWO_PLUS_ONE,https://www.emart24.co.kr/image/NDUxMzg=
사운드오브정글캔디8g,"5,000 ",TWO_PLUS_ONE,https://www.emart24.co.kr/image/NDUxNDM=
크레용신짱스탬프캔디38g,"1,500 ",TWO_PLUS_ONE,https://www.emart24.co.kr/image/NDUxMzk=
트윅스,"1,500 ",TWO_PLUS_ONE,https://www.emart24.co.kr/image/NDUxNDg=
킷캣4핑거36.5g,"1,400 ",TWO_PLUS_ONE,https://www.emart24.co.kr/image/NDUxMTI=
아이스크림마쉬멜로90g,"2,000 ",TWO_PLUS_ONE,https://www.emart24.co.kr/image/NDUxMzA=
레스큐자동차모양캔디12g,"3,500 ",TWO_PLUS_ONE,https://www.emart24.co.kr/image/NDUxMjE=
말로우마시멜로우225g,"3,000 ",TWO_PLUS_ONE,https://www.emart24.co.kr/image/NDUxMjc=
럭키잭팟검볼40g,"3,500 ",TWO_PLUS_ONE,https://www.emart24.co.kr/image/NDUxMjI=
슬램덩크검볼19g,"3,500 ",TWO_PLUS_ONE,https://www.emart24.co.kr/image/NDUxMjA=
상쾌환,"2,900 ",TWO_PLUS_ONE,https://www.emart24.co.kr/image/NDUwNzE=
상쾌환3입,"8,500 ",TWO_PLUS_ONE,https://www.emart24.co.kr/image/NDUwNzM=
자두젤리64g,"1,500 ",TWO_PLUS_ONE,https://www.emart24.co.kr/image/NDUxMTY=
화이트엔젤큐티27g,"1,500 ",TWO_PLUS_ONE,https://www.emart24.co.kr/image/NDUxMTc=
오사쯔60g(16),"1,500 ",TWO_PLUS_ONE,https://www.emart24.co.kr/image/NDUxMTk=
칸츄리콘90g(16),"1,500 ",TWO_PLUS_ONE,https://www.emart24.co.kr/image/NDUxMTU=
슈프림골드커피믹스20입,"5,500 ",TWO_PLUS_ONE,https://www.emart24.co.kr/image/NDUwNzA=
카누라떼10입,"6,100 ",TWO_PLUS_ONE,https://www.emart24.co.kr/image/NDUxMDA=
오레오웨하스스틱(낱개),600 ,TWO_PLUS_ONE,https://www.emart24.co.kr/image/NDUwOTg=
콘푸라이트밀크바35g,"1,600 ",TWO_PLUS_ONE,https://www.emart24.co.kr/image/NDUwOTY=
포스트에너지바밸런스50g,"2,000 ",TWO_PLUS_ONE,https://www.emart24.co.kr/image/NDUwOTk=
포스트에너지바액티브45g,"2,000 ",TWO_PLUS_ONE,https://www.emart24.co.kr/image/NDUxMDE=
네스퀵초콜릿맛20입,"5,400 ",TWO_PLUS_ONE,https://www.emart24.co.kr/image/NDUwODU=
테이스터스초이스20입,"4,500 ",TWO_PLUS_ONE,https://www.emart24.co.kr/image/NDUwODQ=
네스티복숭아20입,"6,500 ",TWO_PLUS_ONE,https://www.emart24.co.kr/image/NDUwODI=
네스퀵웨이퍼34g,"1,400 ",TWO_PLUS_ONE,https://www.emart24.co.kr/image/NDUxMDg=
네스티자몽20입,"6,500 ",TWO_PLUS_ONE,https://www.emart24.co.kr/image/NDUwODM=
후르츄포도맛젤리40g,"1,500 ",TWO_PLUS_ONE,https://www.emart24.co.kr/image/NDUwOTU=
흔들어차차젤리50g,"2,000 ",TWO_PLUS_ONE,https://www.emart24.co.kr/image/NDUwOTQ=
탱글탱글망고맛젤리40g,"2,000 ",TWO_PLUS_ONE,https://www.emart24.co.kr/image/NDUwOTE=
탱글탱글리치맛젤리40g,"2,000 ",TWO_PLUS_ONE,https://www.emart24.co.kr/image/NDUwOTA=
탱글탱글샤인머스캣맛40g,"2,000 ",TWO_PLUS_ONE,https://www.emart24.co.kr/image/NDUwODg=
연못속개구리알젤리35g,"2,000 ",TWO_PLUS_ONE,https://www.emart24.co.kr/image/NDUwOTI=
탱글탱글딸기맛젤리40g,"2,500 ",TWO_PLUS_ONE,https://www.emart24.co.kr/image/NDUwOTc=
뽀글뽀글개구리알젤리콜라맛35g,"2,000 ",TWO_PLUS_ONE,https://www.emart24.co.kr/image/NDUwOTM=
우루샷(2정),"2,500 ",TWO_PLUS_ONE,https://www.emart24.co.kr/image/NDUwNjk=
비타500젤리48g,"1,500 ",TWO_PLUS_ONE,https://www.emart24.co.kr/image/NDUwODk=
트리플아르기닌스틱20ml,"2,000 ",TWO_PLUS_ONE,https://www.emart24.co.kr/image/NDUwODY=
말로우핑크&화이트마시멜로우110g,"2,000 ",TWO_PLUS_ONE,https://www.emart24.co.kr/image/NDUxMjk=
콤부차레몬10입,"7,500 ",TWO_PLUS_ONE,https://www.emart24.co.kr/image/NDUwNzY=
콤부차베리10입,"7,500 ",TWO_PLUS_ONE,https://www.emart24.co.kr/image/NDUwNzc=
커피빈바닐라라떼원컵,"1,800 ",TWO_PLUS_ONE,https://www.emart24.co.kr/image/NDUwNzI=
초코포키20g,"1,500 ",TWO_PLUS_ONE,https://www.emart24.co.kr/image/NDUxMzM=
엄마는외계인초코볼32g,"2,000 ",TWO_PLUS_ONE,https://www.emart24.co.kr/image/NDUwODc=
시크릿쥬쥬왕반지사탕6g,"1,200 ",TWO_PLUS_ONE,https://www.emart24.co.kr/image/NDUxMDI=
비니스트오리지널아메리카노10입,"2,700 ",TWO_PLUS_ONE,https://www.emart24.co.kr/image/NDUwNzQ=
비니스트마일드아메리카노10입,"2,700 ",TWO_PLUS_ONE,https://www.emart24.co.kr/image/NDUwNzU=
킷캣미니오리지널5입45g,"2,700 ",TWO_PLUS_ONE,https://www.emart24.co.kr/image/NDUxMTE=
프루팁스말랑오리지널60g,"2,000 ",TWO_PLUS_ONE,https://www.emart24.co.kr/image/NDUxMDU=
프루팁스말랑트로피컬믹스60g,"2,000 ",TWO_PLUS_ONE,https://www.emart24.co.kr/image/NDUxMDc=
프루팁스말랑베리믹스60g,"2,000 ",TWO_PLUS_ONE,https://www.emart24.co.kr/image/NDUxMDY=
구워먹는마시멜로우160g,"2,800 ",TWO_PLUS_ONE,https://www.emart24.co.kr/image/NDUxMjg=
개구리사탕먹기10g,"6,000 ",TWO_PLUS_ONE,https://www.emart24.co.kr/image/NDUxMjM=
날아라롤리팝24g,"3,000 ",TWO_PLUS_ONE,https://www.emart24.co.kr/image/NDUxMjQ=
아스트로넛캔디머신20g,"4,000 ",TWO_PLUS_ONE,https://www.emart24.co.kr/image/NDUxMjU=
키즈스타캐쳐크레인10g,"5,500 ",TWO_PLUS_ONE,https://www.emart24.co.kr/image/NDUxMjY=
콤부차피치10입,"7,500 ",TWO_PLUS_ONE,https://www.emart24.co.kr/image/NDUwNzg=
콤부차파인애플10입,"7,500 ",TWO_PLUS_ONE,https://www.emart24.co.kr/image/NDUxMDk=
핫콤부차진저레몬10입,"7,500 ",TWO_PLUS_ONE,https://www.emart24.co.kr/image/NDUwODE=
콤부차샤인머스캣10입,"7,500 ",TWO_PLUS_ONE,https://www.emart24.co.kr/image/NDUwNzk=
콤부차망고구아바10입,"7,500 ",TWO_PLUS_ONE,https://www.emart24.co.kr/image/NDUwODA=
착한양파감자스틱45g,"1,500 ",TWO_PLUS_ONE,https://www.emart24.co.kr/image/NDUxMzU=
전천당쑥쑥우유맛캔디30g,"1,500 ",TWO_PLUS_ONE,https://www.emart24.co.kr/image/NDUxMzI=
전천당새콤애캔디30g,"1,500 ",TWO_PLUS_ONE,https://www.emart24.co.kr/image/NDUxMzE=
포켓몬스피너즈젤리10g,"3,500 ",TWO_PLUS_ONE,https://www.emart24.co.kr/image/NDUxMTA=
포켓몬캐릭터마이스탠드10g,"4,500 ",TWO_PLUS_ONE,https://www.emart24.co.kr/image/NDUxMTQ=
짱구마이포카쮸사과50g,"1,500 ",TWO_PLUS_ONE,https://www.emart24.co.kr/image/NDUxMTg=
짱구마이포카쮸복숭아50g,"1,500 ",TWO_PLUS_ONE,https://www.emart24.co.kr/image/NDUxMTM=
라스베리모양구미60g,"2,000 ",TWO_PLUS_ONE,https://www.emart24.co.kr/image/NDUxMzQ=
댕냥이마시멜로고양이,"1,500 ",TWO_PLUS_ONE,https://www.emart24.co.kr/image/NDUxMDQ=
설빙인절미모찌젤리40g,"2,000 ",TWO_PLUS_ONE,https://www.emart24.co.kr/image/NDUxMDM=
맛밤80g,"3,900 ",TWO_PLUS_ONE,https://www.emart24.co.kr/image/NDUwNjA=
맛밤42g,"2,400 ",TWO_PLUS_ONE,https://www.emart24.co.kr/image/NDUwNjE=
맛군밤60g,"3,900 ",TWO_PLUS_ONE,https://www.emart24.co.kr/image/NDUwNTk=
비비고칩스위트콘40g,"3,900 ",TWO_PLUS_ONE,https://www.emart24.co.kr/image/NDUwNTg=
프렌치카페믹스20입,"4,900 ",TWO_PLUS_ONE,https://www.emart24.co.kr/image/NDUwNjQ=
프렌치카페믹스50입,"9,600 ",TWO_PLUS_ONE,https://www.emart24.co.kr/image/NDUwNjM=
레모나톡톡10포(카카오프렌즈),"2,000 ",TWO_PLUS_ONE,https://www.emart24.co.kr/image/NDUwNjc=
상큼한비타민레모나산10포,"3,500 ",TWO_PLUS_ONE,https://www.emart24.co.kr/image/NDUwNjU=
간만세1입,"2,900 ",TWO_PLUS_ONE,https://www.emart24.co.kr/image/NDUwNjI=
인절미아몬드40g,"2,200 ",TWO_PLUS_ONE,https://www.emart24.co.kr/image/NDUwNjY=
메이플믹스넛30g,"2,200 ",TWO_PLUS_ONE,https://www.emart24.co.kr/image/NDUwNjg=
맛있는군밤80g(S)new,"3,500 ",TWO_PLUS_ONE,https://www.emart24.co.kr/image/NDQ5ODg=
맛있는군밤80g(S),"3,500 ",TWO_PLUS_ONE,https://www.emart24.co.kr/image/NDQ5ODc=
직화풍비비큐육포30g,"4,000 ",TWO_PLUS_ONE,https://www.emart24.co.kr/image/NDQ5OTI=
직화풍비비큐핫칠리육포30g,"4,000 ",TWO_PLUS_ONE,https://www.emart24.co.kr/image/NDQ5OTE=
비비고왕교자420g,"5,900 ",TWO_PLUS_ONE,https://www.emart24.co.kr/image/NDQ5Nzc=
비비고김치왕교자385g,"5,900 ",TWO_PLUS_ONE,https://www.emart24.co.kr/image/NDQ5NzY=
비비고찐만두168g,"4,400 ",TWO_PLUS_ONE,https://www.emart24.co.kr/image/NDQ5ODE=
비비고찐만두청양고추168g,"4,400 ",TWO_PLUS_ONE,https://www.emart24.co.kr/image/NDQ5ODQ=
비비고새우왕교자315g,"5,900 ",TWO_PLUS_ONE,https://www.emart24.co.kr/image/NDQ5ODA=
숯불바베큐바,"5,600 ",TWO_PLUS_ONE,https://www.emart24.co.kr/image/NDQ5ODM=
숯불닭강정200g,"5,600 ",TWO_PLUS_ONE,https://www.emart24.co.kr/image/NDUwMTM=
비비고칩오리지널40g,"3,900 ",TWO_PLUS_ONE,https://www.emart24.co.kr/image/NDUwNTc=
수제김치만두200g,"4,400 ",TWO_PLUS_ONE,https://www.emart24.co.kr/image/NDUwMTI=
수제고기만두200g,"4,400 ",TWO_PLUS_ONE,https://www.emart24.co.kr/image/NDQ5Nzk=
비비고찐만두육즙불고기168g,"4,400 ",TWO_PLUS_ONE,https://www.emart24.co.kr/image/NDQ5ODI=
비비고진한고기만두327g,"5,900 ",TWO_PLUS_ONE,https://www.emart24.co.kr/image/NDQ5Nzg=
고향김치만두378g,"5,500 ",TWO_PLUS_ONE,https://www.emart24.co.kr/image/NDQ5NzU=
고향만두378g,"5,500 ",TWO_PLUS_ONE,https://www.emart24.co.kr/image/NDQ5NzQ=
한돈육포오리지널30g,"3,800 ",TWO_PLUS_ONE,https://www.emart24.co.kr/image/NDUwMDY=
한돈육포데리야끼30g,"3,800 ",TWO_PLUS_ONE,https://www.emart24.co.kr/image/NDUwMDU=
빠삭한입먹태콘버터맛25g,"5,900 ",TWO_PLUS_ONE,https://www.emart24.co.kr/image/NDUwMDQ=
빠삭한입먹태매콤한맛25g,"5,900 ",TWO_PLUS_ONE,https://www.emart24.co.kr/image/NDUwMDM=
짜파게티만능소스280g,"6,000 ",TWO_PLUS_ONE,https://www.emart24.co.kr/image/NDUwMTg=
순후추치킨180g,"5,600 ",TWO_PLUS_ONE,https://www.emart24.co.kr/image/NDQ5NzE=
콤비네이션피자415g,"8,900 ",TWO_PLUS_ONE,https://www.emart24.co.kr/image/NDQ5Njk=
불고기피자396g,"8,900 ",TWO_PLUS_ONE,https://www.emart24.co.kr/image/NDQ5NzI=
바삭한빅핫도그120g,"2,800 ",TWO_PLUS_ONE,https://www.emart24.co.kr/image/NDQ5NzA=
바삭한모짜소떡핫도그100g,"2,800 ",TWO_PLUS_ONE,https://www.emart24.co.kr/image/NDQ5NzM=
상상안심육포40g,"5,900 ",TWO_PLUS_ONE,https://www.emart24.co.kr/image/NDQ5OTQ=
상상육포비프앤치즈40g,"5,900 ",TWO_PLUS_ONE,https://www.emart24.co.kr/image/NDQ5OTM=
상상육포비프앤치즈30g,"4,600 ",TWO_PLUS_ONE,https://www.emart24.co.kr/image/NDQ5OTU=
상상육포안심30g,"4,600 ",TWO_PLUS_ONE,https://www.emart24.co.kr/image/NDQ5OTY=
상상육포페퍼앤솔트30g,"4,600 ",TWO_PLUS_ONE,https://www.emart24.co.kr/image/NDQ5OTc=
상상리챔오리지널햄맛40g,"5,500 ",TWO_PLUS_ONE,https://www.emart24.co.kr/image/NDQ5OTg=
상상리챔스파이시햄맛40g,"5,500 ",TWO_PLUS_ONE,https://www.emart24.co.kr/image/NDQ5OTk=
고구마츄60G,"3,900 ",TWO_PLUS_ONE,https://www.emart24.co.kr/image/NDUwMjY=
츄앤리얼군밤80g,"3,900 ",TWO_PLUS_ONE,https://www.emart24.co.kr/image/NDUwMjk=
안주야먹태열풍매콤불닭맛25g,"5,900 ",TWO_PLUS_ONE,https://www.emart24.co.kr/image/NDUwMzA=
안주야먹태열풍청양데리야끼맛25g,"5,900 ",TWO_PLUS_ONE,https://www.emart24.co.kr/image/NDUwMzQ=
안주야먹태열풍양념치킨맛25g,"5,900 ",TWO_PLUS_ONE,https://www.emart24.co.kr/image/NDUwMzI=
안주야먹태열풍군옥수수맛25g,"5,900 ",TWO_PLUS_ONE,https://www.emart24.co.kr/image/NDUwMzM=
닭가슴살스테이크오리지널100g,"4,500 ",TWO_PLUS_ONE,https://www.emart24.co.kr/image/NDQ5ODY=
닭가슴살스테이크블랙페퍼100g,"4,500 ",TWO_PLUS_ONE,https://www.emart24.co.kr/image/NDQ5ODU=
불닭마요네즈250g,"5,000 ",TWO_PLUS_ONE,https://www.emart24.co.kr/image/NDUwMjE=
크리스피아몬드오리지널50g,"3,000 ",TWO_PLUS_ONE,https://www.emart24.co.kr/image/NDQ5ODk=
크리스피아몬드볶음양념맛50g,"3,000 ",TWO_PLUS_ONE,https://www.emart24.co.kr/image/NDQ5OTA=
치즈파스타맛오징어40g,"4,500 ",TWO_PLUS_ONE,https://www.emart24.co.kr/image/NDUwMTA=
말랑버터구이오징어50g,"5,800 ",TWO_PLUS_ONE,https://www.emart24.co.kr/image/NDUwMDc=
왕다리오징어,"5,500 ",TWO_PLUS_ONE,https://www.emart24.co.kr/image/NDUwMDk=
숯불구이통오징어35g,"5,500 ",TWO_PLUS_ONE,https://www.emart24.co.kr/image/NDUwMDg=
빼빼롱다리40g,"5,200 ",TWO_PLUS_ONE,https://www.emart24.co.kr/image/NDUwMDI=
버터구이오징어53g,"6,800 ",TWO_PLUS_ONE,https://www.emart24.co.kr/image/NDUwMDA=
불갈비맛오징어53g,"6,800 ",TWO_PLUS_ONE,https://www.emart24.co.kr/image/NDUwMDE=
이너프구운아몬드30g,"1,400 ",TWO_PLUS_ONE,https://www.emart24.co.kr/image/NDUwMjM=
이너프꿀땅콩40g,"1,400 ",TWO_PLUS_ONE,https://www.emart24.co.kr/image/NDUwMTk=
이너프볶음땅콩40g,"1,400 ",TWO_PLUS_ONE,https://www.emart24.co.kr/image/NDUwMjI=
빠삭한연어칩타르타르45g,"4,900 ",TWO_PLUS_ONE,https://www.emart24.co.kr/image/NDUwMjc=
마카베리넛25g,"2,200 ",TWO_PLUS_ONE,https://www.emart24.co.kr/image/NDUwMjg=
캐슈베리넛25g,"2,200 ",TWO_PLUS_ONE,https://www.emart24.co.kr/image/NDUwMjQ=
프리미엄넛25g,"2,200 ",TWO_PLUS_ONE,https://www.emart24.co.kr/image/NDUwMjU=
프리미엄순우리소육포40g,"5,500 ",TWO_PLUS_ONE,https://www.emart24.co.kr/image/NDUwNTU=
바삭한대구껍질튀각,"3,500 ",TWO_PLUS_ONE,https://www.emart24.co.kr/image/NDUwMTQ=
바삭한황태껍질튀각,"3,500 ",TWO_PLUS_ONE,https://www.emart24.co.kr/image/NDUwMTU=
찹쌀김부각20g,"2,500 ",TWO_PLUS_ONE,https://www.emart24.co.kr/image/NDUwMTY=
허니버터땅콩120g,"3,900 ",TWO_PLUS_ONE,https://www.emart24.co.kr/image/NDUwNDk=
와사비맛땅콩120g,"3,900 ",TWO_PLUS_ONE,https://www.emart24.co.kr/image/NDUwNDU=
군옥수수맛땅콩120g,"3,900 ",TWO_PLUS_ONE,https://www.emart24.co.kr/image/NDUwNTA=
카라멜솔티드땅콩앤프레첼120g,"3,900 ",TWO_PLUS_ONE,https://www.emart24.co.kr/image/NDUwNDg=
허니버터아몬드40g,"2,200 ",TWO_PLUS_ONE,https://www.emart24.co.kr/image/NDUwMzU=
쿠키앤크림아몬드40g,"2,200 ",TWO_PLUS_ONE,https://www.emart24.co.kr/image/NDUwNDE=
와사비맛아몬드40g,"2,200 ",TWO_PLUS_ONE,https://www.emart24.co.kr/image/NDUwMzY=
군옥수수맛아몬드40g,"2,200 ",TWO_PLUS_ONE,https://www.emart24.co.kr/image/NDUwMzg=
카라멜솔티드아몬드앤프레첼40g,"2,200 ",TWO_PLUS_ONE,https://www.emart24.co.kr/image/NDUwMzk=
마늘빵아몬드40g,"2,200 ",TWO_PLUS_ONE,https://www.emart24.co.kr/image/NDUwMzc=
구운양파병아리콩90g,"3,900 ",TWO_PLUS_ONE,https://www.emart24.co.kr/image/NDUwNTE=
마늘빵병아리콩90g,"3,900 ",TWO_PLUS_ONE,https://www.emart24.co.kr/image/NDUwNTI=
허브솔트믹스넛30g,"2,200 ",TWO_PLUS_ONE,https://www.emart24.co.kr/image/NDUwMzE=
체다치즈맛아몬드앤프레첼40g,"2,200 ",TWO_PLUS_ONE,https://www.emart24.co.kr/image/NDUwNDA=
허니로스티드땅콩120g,"3,900 ",TWO_PLUS_ONE,https://www.emart24.co.kr/image/NDUwNDM=
로스티드&솔티드땅콩120g,"3,900 ",TWO_PLUS_ONE,https://www.emart24.co.kr/image/NDUwNDI=
멸치아몬드100g,"6,900 ",TWO_PLUS_ONE,https://www.emart24.co.kr/image/NDUwNTM=
군옥수수맛땅콩&콘프라이즈120g,"3,900 ",TWO_PLUS_ONE,https://www.emart24.co.kr/image/NDUwNDQ=
사천땅콩&콘프라이즈120g,"3,900 ",TWO_PLUS_ONE,https://www.emart24.co.kr/image/NDUwNDY=
버터코코넛맛땅콩120g,"3,900 ",TWO_PLUS_ONE,https://www.emart24.co.kr/image/NDUwNDc=
멸치아몬드구운양파맛100g,"6,900 ",TWO_PLUS_ONE,https://www.emart24.co.kr/image/NDUwNTQ=
멸치아몬드매운고추장맛100g,"6,900 ",TWO_PLUS_ONE,https://www.emart24.co.kr/image/NDUwNTY=
청양고추어포튀각80g,"5,900 ",TWO_PLUS_ONE,https://www.emart24.co.kr/image/NDUwMTE=
벤토불징어12g,"1,800 ",TWO_PLUS_ONE,https://www.emart24.co.kr/image/NDUwMTc=
벤토맛징어12g,"1,800 ",TWO_PLUS_ONE,https://www.emart24.co.kr/image/NDUwMjA=
진라면볶음밥컵230g,"4,500 ",TWO_PLUS_ONE,https://www.emart24.co.kr/image/NDQ5Njc=
컵피자콤비네이션150g,"4,300 ",TWO_PLUS_ONE,https://www.emart24.co.kr/image/NDQ5Njg=
참치김치치즈볶음밥230g,"4,500 ",TWO_PLUS_ONE,https://www.emart24.co.kr/image/NDQ5NjY=
새우볶음밥컵230g,"4,500 ",TWO_PLUS_ONE,https://www.emart24.co.kr/image/NDQ5NjU=
UNO페퍼로니피자180g,"6,500 ",TWO_PLUS_ONE,https://www.emart24.co.kr/image/NDQ5NjA=
UNO콤비네이션피자195g,"6,500 ",TWO_PLUS_ONE,https://www.emart24.co.kr/image/NDQ5NTg=
UNO불고기피자180g,"6,500 ",TWO_PLUS_ONE,https://www.emart24.co.kr/image/NDQ5NTc=
오감포차직화닭발150g,"9,500 ",TWO_PLUS_ONE,https://www.emart24.co.kr/image/NDQ5NTk=
오감포차직화오돌뼈150g,"9,500 ",TWO_PLUS_ONE,https://www.emart24.co.kr/image/NDQ5NjI=
오감포차크림새우180g,"9,500 ",TWO_PLUS_ONE,https://www.emart24.co.kr/image/NDQ5NjE=
오감포차칠리새우200g,"9,500 ",TWO_PLUS_ONE,https://www.emart24.co.kr/image/NDQ5NjM=
오감포차새우감바스200g,"9,500 ",TWO_PLUS_ONE,https://www.emart24.co.kr/image/NDQ5NjQ=
안주야매운곱창볶음160g,"8,900 ",TWO_PLUS_ONE,https://www.emart24.co.kr/image/NDQ5NTI=
안주야육즙팡팡돼지구이170g,"8,900 ",TWO_PLUS_ONE,https://www.emart24.co.kr/image/NDQ5NTE=
매콤닭강정250g,"7,400 ",TWO_PLUS_ONE,https://www.emart24.co.kr/image/NDQ5NTU=
간장닭강정250g,"7,400 ",TWO_PLUS_ONE,https://www.emart24.co.kr/image/NDQ5NTM=
바질페스토파스타225g,"4,900 ",TWO_PLUS_ONE,https://www.emart24.co.kr/image/NDQ5NTY=
뽀모도로스파게티300g,"4,900 ",TWO_PLUS_ONE,https://www.emart24.co.kr/image/NDQ5NTQ=
냉동과일망고200g,"3,300 ",TWO_PLUS_ONE,https://www.emart24.co.kr/image/NDQ5NDc=
안주야직화불막창160g,"9,500 ",TWO_PLUS_ONE,https://www.emart24.co.kr/image/NDQ5NDk=
안주야직화무뼈닭발160g,"9,500 ",TWO_PLUS_ONE,https://www.emart24.co.kr/image/NDQ5NTA=
의성마늘프랑크빅핫도그140g,"3,000 ",TWO_PLUS_ONE,https://www.emart24.co.kr/image/NDQ5NDA=
쉐푸드쫄깃롤만두180g,"3,900 ",TWO_PLUS_ONE,https://www.emart24.co.kr/image/NDQ5Mzk=
가메골고기왕만두170g,"3,500 ",TWO_PLUS_ONE,https://www.emart24.co.kr/image/NDQ5NDM=
가메골김치왕만두170g,"3,500 ",TWO_PLUS_ONE,https://www.emart24.co.kr/image/NDQ5NDQ=
가메골반반왕만두170g,"3,500 ",TWO_PLUS_ONE,https://www.emart24.co.kr/image/NDQ5NDY=
냉동과일블루베리200g,"3,300 ",TWO_PLUS_ONE,https://www.emart24.co.kr/image/NDQ5NDU=
냉동과일체리200g,"3,300 ",TWO_PLUS_ONE,https://www.emart24.co.kr/image/NDQ5NDg=
식물성청양닭가슴살100g,"3,600 ",TWO_PLUS_ONE,https://www.emart24.co.kr/image/NDQ5NDI=
식물성바베큐닭가슴살100g,"3,600 ",TWO_PLUS_ONE,https://www.emart24.co.kr/image/NDQ5NDE=
쁘띠첼요거젤리딸기210g,"2,900 ",TWO_PLUS_ONE,https://www.emart24.co.kr/image/NDQ5MjY=
쁘띠첼요거젤리복숭아210g,"2,900 ",TWO_PLUS_ONE,https://www.emart24.co.kr/image/NDQ5MjU=
비비고썰은배추김치100g,"1,800 ",TWO_PLUS_ONE,https://www.emart24.co.kr/image/NDQ5Mjk=
맥스봉치즈70g,"2,600 ",TWO_PLUS_ONE,https://www.emart24.co.kr/image/NDQ5Mzc=
쁘띠첼요거젤리블루베리210g,"2,900 ",TWO_PLUS_ONE,https://www.emart24.co.kr/image/NDQ5MjQ=
닭가슴살직화스테이크100g,"4,500 ",TWO_PLUS_ONE,https://www.emart24.co.kr/image/NDQ5MzI=
닭가슴살소시지핫바80g,"2,900 ",TWO_PLUS_ONE,https://www.emart24.co.kr/image/NDQ5MzU=
닭가슴살청양고추핫바80g,"2,900 ",TWO_PLUS_ONE,https://www.emart24.co.kr/image/NDQ5MzM=
닭가슴살직화화다닭75g,"4,500 ",TWO_PLUS_ONE,https://www.emart24.co.kr/image/NDQ5MzQ=
닭가슴살한입큐브80g,"2,900 ",TWO_PLUS_ONE,https://www.emart24.co.kr/image/NDQ5MzY=
스노우크랩킹140g,"4,900 ",TWO_PLUS_ONE,https://www.emart24.co.kr/image/NDQ5MjI=
닭가슴살마일드100g,"3,700 ",TWO_PLUS_ONE,https://www.emart24.co.kr/image/NDQ5MTk=
닭가슴살블랙페퍼100g,"3,700 ",TWO_PLUS_ONE,https://www.emart24.co.kr/image/NDQ5MTg=
랍스터킹128g,"4,900 ",TWO_PLUS_ONE,https://www.emart24.co.kr/image/NDQ5MjE=
숯불구이맛후랑크커플140g,"3,600 ",TWO_PLUS_ONE,https://www.emart24.co.kr/image/NDQ5MjM=
맛초킹후랑크바100g,"2,500 ",TWO_PLUS_ONE,https://www.emart24.co.kr/image/NDQ5MTU=
맛초킹후랑크바매운맛100g,"2,500 ",TWO_PLUS_ONE,https://www.emart24.co.kr/image/NDQ5MTQ=
와일드크래미x틈새70g,"2,500 ",TWO_PLUS_ONE,https://www.emart24.co.kr/image/NDQ5MjA=
와일드크래미블랙트러플70g,"2,500 ",TWO_PLUS_ONE,https://www.emart24.co.kr/image/NDQ5MTY=
크래미90g,"3,000 ",TWO_PLUS_ONE,https://www.emart24.co.kr/image/NDQ5MTc=
쉐푸드김치롤만두180g,"3,900 ",TWO_PLUS_ONE,https://www.emart24.co.kr/image/NDQ5Mzg=
삼호오뎅한그릇,"3,900 ",TWO_PLUS_ONE,https://www.emart24.co.kr/image/NDQ5MzA=
삼호얼큰오뎅한그릇,"3,900 ",TWO_PLUS_ONE,https://www.emart24.co.kr/image/NDQ5MzE=
할라피뇨그레인보울160g,"4,900 ",TWO_PLUS_ONE,https://www.emart24.co.kr/image/NDQ5Mjg=
병아리콩그레인보울160g,"4,900 ",TWO_PLUS_ONE,https://www.emart24.co.kr/image/NDQ5Mjc=
닭가슴살갈릭100g,"4,500 ",TWO_PLUS_ONE,https://www.emart24.co.kr/image/NDQ5MDU=
MDS젤리블리애플망고60g,900 ,TWO_PLUS_ONE,https://www.emart24.co.kr/image/NDQ5MDg=
젤리블리리치60g,900 ,TWO_PLUS_ONE,https://www.emart24.co.kr/image/NDQ5MDk=
젤리블리샤인머스켓60g,900 ,TWO_PLUS_ONE,https://www.emart24.co.kr/image/NDQ5MDc=
젤리블리자두60g,900 ,TWO_PLUS_ONE,https://www.emart24.co.kr/image/NDQ5MTE=
젤리블리납작복숭아60g,900 ,TWO_PLUS_ONE,https://www.emart24.co.kr/image/NDQ5MTA=
얼큰김치수제비197g,"3,400 ",TWO_PLUS_ONE,https://www.emart24.co.kr/image/NDQ5MTM=
쫄깃얼큰수제비193.5g,"3,400 ",TWO_PLUS_ONE,https://www.emart24.co.kr/image/NDQ5MTI=
문어무침130g,"9,200 ",TWO_PLUS_ONE,https://www.emart24.co.kr/image/NDQ5MDY=
수비드닭가슴살오리지널100g,"4,500 ",TWO_PLUS_ONE,https://www.emart24.co.kr/image/NDQ5MDQ=
보양삼계죽270g,"4,700 ",TWO_PLUS_ONE,https://www.emart24.co.kr/image/NDQ5MDM=
야채죽270g,"4,700 ",TWO_PLUS_ONE,https://www.emart24.co.kr/image/NDQ5MDE=
전복죽270g,"4,700 ",TWO_PLUS_ONE,https://www.emart24.co.kr/image/NDQ4OTk=
쇠고기죽270g,"4,700 ",TWO_PLUS_ONE,https://www.emart24.co.kr/image/NDQ4OTg=
명태회무침170g,"9,200 ",TWO_PLUS_ONE,https://www.emart24.co.kr/image/NDQ5MDA=
황태채무침170g,"9,200 ",TWO_PLUS_ONE,https://www.emart24.co.kr/image/NDQ5MDI=
열무김치80g,"1,700 ",TWO_PLUS_ONE,https://www.emart24.co.kr/image/NDQ4OTY=
볶음김치190g,"3,500 ",TWO_PLUS_ONE,https://www.emart24.co.kr/image/NDQ4OTc=
맛김치컵75g,"1,500 ",TWO_PLUS_ONE,https://www.emart24.co.kr/image/NDQ4OTM=
맛김치컵130g,"2,500 ",TWO_PLUS_ONE,https://www.emart24.co.kr/image/NDQ4OTU=
양반전복죽287.5g,"4,500 ",TWO_PLUS_ONE,https://www.emart24.co.kr/image/NDQ4ODg=
양반쇠고기죽287.5g,"4,500 ",TWO_PLUS_ONE,https://www.emart24.co.kr/image/NDQ4OTE=
양반단호박죽285g(냉장),"4,500 ",TWO_PLUS_ONE,https://www.emart24.co.kr/image/NDQ4OTI=
리얼가쓰오크랩스144g,"3,900 ",TWO_PLUS_ONE,https://www.emart24.co.kr/image/NDQ4OTQ=
닭가슴살후랑크70g,"2,500 ",TWO_PLUS_ONE,https://www.emart24.co.kr/image/NDQ4ODY=
명인우동215g,"3,800 ",TWO_PLUS_ONE,https://www.emart24.co.kr/image/NDQ4Nzc=
장칼국수206g,"3,800 ",TWO_PLUS_ONE,https://www.emart24.co.kr/image/NDQ4Nzg=
닭가슴살바블랙페퍼80g,"2,500 ",TWO_PLUS_ONE,https://www.emart24.co.kr/image/NDQ4ODM=
닭가슴살바갈릭80g,"2,500 ",TWO_PLUS_ONE,https://www.emart24.co.kr/image/NDQ4ODQ=
직화구이닭가슴살프리미어100g,"4,500 ",TWO_PLUS_ONE,https://www.emart24.co.kr/image/NDQ4ODE=
직화구이닭가슴살블랙페퍼100g,"4,500 ",TWO_PLUS_ONE,https://www.emart24.co.kr/image/NDQ4ODU=
하이면순두부짬뽕231g,"3,800 ",TWO_PLUS_ONE,https://www.emart24.co.kr/image/NDQ4ODI=
하이면옛날짜장221g,"3,800 ",TWO_PLUS_ONE,https://www.emart24.co.kr/image/NDQ4NzY=
고추장직화구이핫바70g,"1,900 ",TWO_PLUS_ONE,https://www.emart24.co.kr/image/NDQ4NzI=
배즙숙성숯불구이맛후랑크바,"1,900 ",TWO_PLUS_ONE,https://www.emart24.co.kr/image/NDQ4Njk=
천하장사28g,"1,300 ",TWO_PLUS_ONE,https://www.emart24.co.kr/image/NDQ4NzU=
천하장사50g,"2,200 ",TWO_PLUS_ONE,https://www.emart24.co.kr/image/NDQ4NzQ=
천하장사매콤달콤90g,"2,500 ",TWO_PLUS_ONE,https://www.emart24.co.kr/image/NDQ4Nzk=
천하장사오리지널90g,"2,500 ",TWO_PLUS_ONE,https://www.emart24.co.kr/image/NDQ4ODA=
의성마늘프랑크70g,"2,400 ",TWO_PLUS_ONE,https://www.emart24.co.kr/image/NDQ4ODk=
에센뽀득프랑크70g,"2,400 ",TWO_PLUS_ONE,https://www.emart24.co.kr/image/NDQ4ODc=
의성마늘닭가슴살프랑크65g,"2,400 ",TWO_PLUS_ONE,https://www.emart24.co.kr/image/NDQ4OTA=
파인애플컵198g,"2,900 ",TWO_PLUS_ONE,https://www.emart24.co.kr/image/NDQ4NzA=
복숭아컵198g,"2,900 ",TWO_PLUS_ONE,https://www.emart24.co.kr/image/NDQ4NzE=
망고컵198g,"2,900 ",TWO_PLUS_ONE,https://www.emart24.co.kr/image/NDQ4NzM=
불가리스사과150ml,"1,800 ",TWO_PLUS_ONE,https://www.emart24.co.kr/image/NDQ3ODk=
프렌치카페슈크림라떼320ml,"3,200 ",TWO_PLUS_ONE,https://www.emart24.co.kr/image/NDQ3ODA=
프렌치카페아몬드라떼320ml,"3,200 ",TWO_PLUS_ONE,https://www.emart24.co.kr/image/NDQ3ODQ=
프렌치카페에스프레소라떼320ml,"3,200 ",TWO_PLUS_ONE,https://www.emart24.co.kr/image/NDQ3ODE=
프렌치카페바닐라라떼320ml,"3,200 ",TWO_PLUS_ONE,https://www.emart24.co.kr/image/NDQ3ODI=
테이크핏프로틴고소한맛250ml,"2,900 ",TWO_PLUS_ONE,https://www.emart24.co.kr/image/NDQ3ODM=
테이크핏프로틴초코250ml,"2,900 ",TWO_PLUS_ONE,https://www.emart24.co.kr/image/NDQ3ODU=
아몬드데이오리지널190ml,"1,500 ",TWO_PLUS_ONE,https://www.emart24.co.kr/image/NDQ3ODc=
아몬드데이언스위트190ml,"1,500 ",TWO_PLUS_ONE,https://www.emart24.co.kr/image/NDQ3ODg=
테이크핏프로틴바나나맛250ml,"2,900 ",TWO_PLUS_ONE,https://www.emart24.co.kr/image/NDQ3ODY=
바베큐직화구이70g,"1,900 ",TWO_PLUS_ONE,https://www.emart24.co.kr/image/NDQ4Njg=
바나나맛우유라이트240ml,"1,700 ",TWO_PLUS_ONE,https://www.emart24.co.kr/image/NDQ4MTA=
아카페라아메리카노240ml,"2,000 ",TWO_PLUS_ONE,https://www.emart24.co.kr/image/NDQ4MTE=
아카페라카라멜마끼아또240ml,"2,000 ",TWO_PLUS_ONE,https://www.emart24.co.kr/image/NDQ4MTI=
아카페라바닐라라떼240ml,"2,000 ",TWO_PLUS_ONE,https://www.emart24.co.kr/image/NDQ4MTQ=
닥터캡슐플레인130ml,"2,100 ",TWO_PLUS_ONE,https://www.emart24.co.kr/image/NDQ4MDc=
사이즈업아메리카노350ml,"2,400 ",TWO_PLUS_ONE,https://www.emart24.co.kr/image/NDQ4Mjk=
사이즈업카페라떼350ml,"2,400 ",TWO_PLUS_ONE,https://www.emart24.co.kr/image/NDQ4Mjc=
사이즈업바닐라라떼350ml,"2,400 ",TWO_PLUS_ONE,https://www.emart24.co.kr/image/NDQ4MzA=
요플레토핑쿠앤크120g,"2,000 ",TWO_PLUS_ONE,https://www.emart24.co.kr/image/NDQ4MjY=
요플레토핑다크초코125g,"2,000 ",TWO_PLUS_ONE,https://www.emart24.co.kr/image/NDQ4MjI=
쥬시쿨감귤에이드250ml,"1,700 ",TWO_PLUS_ONE,https://www.emart24.co.kr/image/NDQ4MzE=
쥬시쿨사과에이드250ml,"1,700 ",TWO_PLUS_ONE,https://www.emart24.co.kr/image/NDQ4MzI=
따옴오렌지235ml,"2,200 ",TWO_PLUS_ONE,https://www.emart24.co.kr/image/NDQ4MjE=
따옴한라봉&청귤235ml,"2,200 ",TWO_PLUS_ONE,https://www.emart24.co.kr/image/NDQ4MjA=
닥터캡슐사과130ml,"2,100 ",TWO_PLUS_ONE,https://www.emart24.co.kr/image/NDQ4MDg=
통모짜스트링치즈18g,"1,400 ",TWO_PLUS_ONE,https://www.emart24.co.kr/image/NDQ4MTk=
스페셜티탄자니아460ml,"2,700 ",TWO_PLUS_ONE,https://www.emart24.co.kr/image/NDQ4MTU=
스페셜티예가체프460ml,"2,700 ",TWO_PLUS_ONE,https://www.emart24.co.kr/image/NDQ4MTM=
닥터캡슐베리믹스130ml,"2,100 ",TWO_PLUS_ONE,https://www.emart24.co.kr/image/NDQ4MDk=
스페셜티카페라떼컵300ml,"2,900 ",TWO_PLUS_ONE,https://www.emart24.co.kr/image/NDQ4MTY=
스페셜티카라멜마끼아또컵300ml,"2,900 ",TWO_PLUS_ONE,https://www.emart24.co.kr/image/NDQ4MTg=
스페셜티바닐라라떼컵300ml,"2,900 ",TWO_PLUS_ONE,https://www.emart24.co.kr/image/NDQ4MTc=
프로틴스트링치즈20g,"1,500 ",TWO_PLUS_ONE,https://www.emart24.co.kr/image/NDQ4MjQ=
따옴ABC220ml,"2,200 ",TWO_PLUS_ONE,https://www.emart24.co.kr/image/NDQ4MjM=
식물성바유바나나맛190ml,"1,500 ",TWO_PLUS_ONE,https://www.emart24.co.kr/image/NDQ4MjU=
사이즈업돌체라떼350ml,"2,400 ",TWO_PLUS_ONE,https://www.emart24.co.kr/image/NDQ4Mjg=
올데이프룻오렌지250ml,"1,600 ",TWO_PLUS_ONE,https://www.emart24.co.kr/image/NDQ3NzA=
올데이프룻자두250ml,"1,600 ",TWO_PLUS_ONE,https://www.emart24.co.kr/image/NDQ3NzQ=
올데이프룻키위250ml,"1,600 ",TWO_PLUS_ONE,https://www.emart24.co.kr/image/NDQ3Njk=
아침에주스오렌지210ml,"1,800 ",TWO_PLUS_ONE,https://www.emart24.co.kr/image/NDQ3NzE=
아침에주스포도210ml,"1,800 ",TWO_PLUS_ONE,https://www.emart24.co.kr/image/NDQ3NzI=
아침에주스사과210ml,"1,800 ",TWO_PLUS_ONE,https://www.emart24.co.kr/image/NDQ3NzM=
아침에주스ABC210ml,"1,800 ",TWO_PLUS_ONE,https://www.emart24.co.kr/image/NDQ3NzU=
아침에주스꿀배190ml,"1,800 ",TWO_PLUS_ONE,https://www.emart24.co.kr/image/NDQ3NzY=
아침에주스오미자자몽190ml,"1,800 ",TWO_PLUS_ONE,https://www.emart24.co.kr/image/NDQ3Nzc=
초코꿀딴지180ml,"1,300 ",TWO_PLUS_ONE,https://www.emart24.co.kr/image/NDQ3Nzk=
딸기꿀딴지180ml,"1,300 ",TWO_PLUS_ONE,https://www.emart24.co.kr/image/NDQ3Nzg=
상하미니칼슘체다48g,"2,800 ",TWO_PLUS_ONE,https://www.emart24.co.kr/image/NDQ4NTg=
상하미니크림치즈48g,"2,800 ",TWO_PLUS_ONE,https://www.emart24.co.kr/image/NDQ4NTk=
검은콩두유190ml,"1,300 ",TWO_PLUS_ONE,https://www.emart24.co.kr/image/NDQ4NjA=
바리스타룰스디카페인라떼325ml,"3,000 ",TWO_PLUS_ONE,https://www.emart24.co.kr/image/NDQ4NDI=
상하유기농주스사과오렌지케일125ml,"1,400 ",TWO_PLUS_ONE,https://www.emart24.co.kr/image/NDQ4NjQ=
상하유기농주스사과딸기케일125ml,"1,400 ",TWO_PLUS_ONE,https://www.emart24.co.kr/image/NDQ4NjM=
바이오초코링&프로틴볼130g,"2,300 ",TWO_PLUS_ONE,https://www.emart24.co.kr/image/NDQ4NTU=
소화가잘되는미숫가루190ml,"1,400 ",TWO_PLUS_ONE,https://www.emart24.co.kr/image/NDQ4NDk=
바이오그래놀라127g,"2,300 ",TWO_PLUS_ONE,https://www.emart24.co.kr/image/NDQ4NTc=
상하유기농주스사과블루베리케일125ml,"1,400 ",TWO_PLUS_ONE,https://www.emart24.co.kr/image/NDQ4NjU=
바리스타돌체라떼325ml,"3,000 ",TWO_PLUS_ONE,https://www.emart24.co.kr/image/NDQ4NDQ=
우유속에딸기과즙300ml,"1,800 ",TWO_PLUS_ONE,https://www.emart24.co.kr/image/NDQ4NDg=
우유속에코코아과즙300ml,"1,800 ",TWO_PLUS_ONE,https://www.emart24.co.kr/image/NDQ4NTE=
바리스타에스프레소라떼컵250ml,"2,600 ",TWO_PLUS_ONE,https://www.emart24.co.kr/image/NDQ4MzM=
바리스타스모키로스팅라떼컵250ml,"2,600 ",TWO_PLUS_ONE,https://www.emart24.co.kr/image/NDQ4Mzg=
바리스타모카프레소컵250ml,"2,600 ",TWO_PLUS_ONE,https://www.emart24.co.kr/image/NDQ4MzU=
과일야채샐러드녹황190ml,"2,300 ",TWO_PLUS_ONE,https://www.emart24.co.kr/image/NDQ4NDY=
과일야채샐러드퍼플190ml,"2,300 ",TWO_PLUS_ONE,https://www.emart24.co.kr/image/NDQ4NDM=
커피속에모카치노300ml,"1,800 ",TWO_PLUS_ONE,https://www.emart24.co.kr/image/NDQ4NDc=
과일야채샐러드레드190ml,"2,300 ",TWO_PLUS_ONE,https://www.emart24.co.kr/image/NDQ4NDU=
바리스타카라멜딥프레소컵250ml,"2,600 ",TWO_PLUS_ONE,https://www.emart24.co.kr/image/NDQ4MzQ=
바리스타로슈거에스프레소컵250ml,"2,600 ",TWO_PLUS_ONE,https://www.emart24.co.kr/image/NDQ4MzY=
,,TWO_PLUS_ONE,https://www.emart24.co.kr/image/NDQ4MDA=
