상품명,가격,이미지 주소
상디의볼케이노김밥,"3,200
",https://tqklhszfkvzk6518638.cdn.ntruss.com/product/8809383958210.jpg
시그니처가라아게,"5,500
",https://tqklhszfkvzk6518638.cdn.ntruss.com/product/8809196617571.jpg
A1트리플스테이크버거,"3,500
",https://tqklhszfkvzk6518638.cdn.ntruss.com/product/8801068397581.jpg
백종원김볶앤치쏘,"4,900
",https://tqklhszfkvzk6518638.cdn.ntruss.com/product/8809453267631.jpg
빅클래식불고기버거,"3,300
",https://tqklhszfkvzk6518638.cdn.ntruss.com/product/8801771024231.jpg
루꼴라치킨샌드,"3,900
",https://tqklhszfkvzk6518638.cdn.ntruss.com/product/8809948340665.jpg
2XL간장불고기,"1,400
",https://tqklhszfkvzk6518638.cdn.ntruss.com/product/8801771021810.jpg
자이언트트리플닭강정,"9,900
",https://tqklhszfkvzk6518638.cdn.ntruss.com/product/8801771027270.jpg
뚱실참치샌드,"3,200
",https://tqklhszfkvzk6518638.cdn.ntruss.com/product/8809802267589.jpg
뚱실에그샌드,"3,200
",https://tqklhszfkvzk6518638.cdn.ntruss.com/product/8809802267466.jpg
냉초계국수,"5,200
",https://tqklhszfkvzk6518638.cdn.ntruss.com/product/8801771027836.jpg
BELT샌드,"2,800
",https://tqklhszfkvzk6518638.cdn.ntruss.com/product/8801068914139.jpg
주먹왕참치마요,"2,100
",https://tqklhszfkvzk6518638.cdn.ntruss.com/product/8809453266207.jpg
백종원완전한판정식,"4,500
",https://tqklhszfkvzk6518638.cdn.ntruss.com/product/8809802263178.jpg
백종원열탄불고기,"4,300
",https://tqklhszfkvzk6518638.cdn.ntruss.com/product/8809196615577.jpg
미트칠리도그,"3,800
",https://tqklhszfkvzk6518638.cdn.ntruss.com/product/8801771027577.jpg
하루한끼샐러드오리엔,"1,800
",https://tqklhszfkvzk6518638.cdn.ntruss.com/product/8809142024040.jpg
2XL뉴베이컨참치마요,"1,600
",https://tqklhszfkvzk6518638.cdn.ntruss.com/product/8809948340436.jpg
백종원매콤불고기반상,"4,800
",https://tqklhszfkvzk6518638.cdn.ntruss.com/product/8809196617496.jpg
스팸폭신에그샌드,"3,400
",https://tqklhszfkvzk6518638.cdn.ntruss.com/product/8809895799141.jpg
베이컨에그모닝머핀,"2,900
",https://tqklhszfkvzk6518638.cdn.ntruss.com/product/8809383958296.jpg
비트소고기전주제주,"1,200
",https://tqklhszfkvzk6518638.cdn.ntruss.com/product/8809948340641.jpg
치즈시즈닝통치킨버거,"4,000
",https://tqklhszfkvzk6518638.cdn.ntruss.com/product/8809692953722.jpg
에그불고기치즈햄버거,"2,800
",https://tqklhszfkvzk6518638.cdn.ntruss.com/product/8801068914191.jpg
퀴노아바질샐러드,"3,500
",https://tqklhszfkvzk6518638.cdn.ntruss.com/product/8801068371864.jpg
백종원떡갈비불고기,"1,700
",https://tqklhszfkvzk6518638.cdn.ntruss.com/product/8809383955554.jpg
와이파이새우팟타이,"4,500
",https://tqklhszfkvzk6518638.cdn.ntruss.com/product/8801771028314.jpg
매콤족발구이,"7,900
",https://tqklhszfkvzk6518638.cdn.ntruss.com/product/8801771028499.jpg
시그니처매콤짜장덮밥,"4,300
",https://tqklhszfkvzk6518638.cdn.ntruss.com/product/8809196617977.jpg
초당옥수수크림샌드,"3,000
",https://tqklhszfkvzk6518638.cdn.ntruss.com/product/8801771028659.jpg
베이컨치즈까르보나라,"4,600
",https://tqklhszfkvzk6518638.cdn.ntruss.com/product/8801771028536.jpg
국민불고기버거,"3,000
",https://tqklhszfkvzk6518638.cdn.ntruss.com/product/8801771028451.jpg
그릴드치킨월넛샌드,"3,000
",https://tqklhszfkvzk6518638.cdn.ntruss.com/product/8801068917130.jpg
마늘제육정식,"4,900
",https://tqklhszfkvzk6518638.cdn.ntruss.com/product/8809802267664.jpg
뉴리치참치마요,"1,100
",https://tqklhszfkvzk6518638.cdn.ntruss.com/product/8809383956773.jpg
콰트로타워버거,"2,700
",https://tqklhszfkvzk6518638.cdn.ntruss.com/product/8801068396782.jpg
상하농원주황반숙,"3,400
",https://tqklhszfkvzk6518638.cdn.ntruss.com/product/8809948340696.jpg
3XL매콤닭가슴살삼각,"1,700
",https://tqklhszfkvzk6518638.cdn.ntruss.com/product/8809453267594.jpg
피크닉샌드위치,"5,900
",https://tqklhszfkvzk6518638.cdn.ntruss.com/product/8809895799301.jpg
한돈듬뿍김치제육,"4,200
",https://tqklhszfkvzk6518638.cdn.ntruss.com/product/8809948341631.jpg
짜장햄에그유부초밥,"3,800
",https://tqklhszfkvzk6518638.cdn.ntruss.com/product/8809948341594.jpg
진미채랑꼬마김밥,"4,200
",https://tqklhszfkvzk6518638.cdn.ntruss.com/product/8809383958654.jpg
고추마요통살치킨,"3,900
",https://tqklhszfkvzk6518638.cdn.ntruss.com/product/8809692954729.jpg
나폴리탄소시지파스타,"4,200
",https://tqklhszfkvzk6518638.cdn.ntruss.com/product/8801771028710.jpg
미트볼로제치즈파스타,"4,600
",https://tqklhszfkvzk6518638.cdn.ntruss.com/product/8801771028697.jpg
우삼겹오리엔탈샐러드,"5,800
",https://tqklhszfkvzk6518638.cdn.ntruss.com/product/8801771028611.jpg
닭가슴살단호박샐러드,"4,900
",https://tqklhszfkvzk6518638.cdn.ntruss.com/product/8809954750052.jpg
살사푸실리고구마샐러,"4,900
",https://tqklhszfkvzk6518638.cdn.ntruss.com/product/8809954750045.jpg
간장불고기제주,"1,200
",https://tqklhszfkvzk6518638.cdn.ntruss.com/product/8809948341082.jpg
스파이시바베큐립,"7,700
",https://tqklhszfkvzk6518638.cdn.ntruss.com/product/8809453267877.jpg
자이언트골뱅이비빔NEW,"9,900
",https://tqklhszfkvzk6518638.cdn.ntruss.com/product/8801771028635.jpg
뉴치킨찹찹샐러드,"3,800
",https://tqklhszfkvzk6518638.cdn.ntruss.com/product/8801068916720.jpg
훈제목살버거,"3,500
",https://tqklhszfkvzk6518638.cdn.ntruss.com/product/8801068917055.jpg
간장마늘족발구이,"7,900
",https://tqklhszfkvzk6518638.cdn.ntruss.com/product/8801771028512.jpg
3XL뉴불어묵삼각,"1,600
",https://tqklhszfkvzk6518638.cdn.ntruss.com/product/8809948341020.jpg
꽃카포슬감자샌드,"3,400
",https://tqklhszfkvzk6518638.cdn.ntruss.com/product/8809895799042.jpg
와이파이반미샌드,"4,800
",https://tqklhszfkvzk6518638.cdn.ntruss.com/product/8809453267839.jpg
와이파이삼겹부타동,"4,500
",https://tqklhszfkvzk6518638.cdn.ntruss.com/product/8809196617939.jpg
아라비아따청양파스타,"4,000
",https://tqklhszfkvzk6518638.cdn.ntruss.com/product/8801771028291.jpg
뉴흑임자치킨샐러드,"3,800
",https://tqklhszfkvzk6518638.cdn.ntruss.com/product/8801068916751.jpg
뉴에그가먼저닭샐러드,"3,800
",https://tqklhszfkvzk6518638.cdn.ntruss.com/product/8801068916737.jpg
훈제오리한상,"6,000
",https://tqklhszfkvzk6518638.cdn.ntruss.com/product/8809196617854.jpg
어니언포테이토샌드,"3,000
",https://tqklhszfkvzk6518638.cdn.ntruss.com/product/8809453267716.jpg
반반함박토마토파스타,"4,900
",https://tqklhszfkvzk6518638.cdn.ntruss.com/product/8801771028031.jpg
반반치킨까스볶음우동,"4,900
",https://tqklhszfkvzk6518638.cdn.ntruss.com/product/8801771028017.jpg
스페셜모둠튀김,"6,500
",https://tqklhszfkvzk6518638.cdn.ntruss.com/product/8801771028277.jpg
불케이노버거,"3,800
",https://tqklhszfkvzk6518638.cdn.ntruss.com/product/8809948340849.jpg
꽃카콘에그샌드,"3,400
",https://tqklhszfkvzk6518638.cdn.ntruss.com/product/8809895799080.jpg
매콤치즈어묵김밥,"2,800
",https://tqklhszfkvzk6518638.cdn.ntruss.com/product/8809383958531.jpg
자이언트고추마요치킨,"9,900
",https://tqklhszfkvzk6518638.cdn.ntruss.com/product/8801771028253.jpg
통통소시지모닝머핀,"3,500
",https://tqklhszfkvzk6518638.cdn.ntruss.com/product/8801771028055.jpg
치킨크림리조또,"6,500
",https://tqklhszfkvzk6518638.cdn.ntruss.com/product/8801771028192.jpg
안기준의햄샌드,"3,200
",https://tqklhszfkvzk6518638.cdn.ntruss.com/product/8809453267679.jpg
명탐정코난비밀주먹볼,"2,200
",https://tqklhszfkvzk6518638.cdn.ntruss.com/product/8801771027850.jpg
묵은지스팸김밥,"3,100
",https://tqklhszfkvzk6518638.cdn.ntruss.com/product/8809948340962.jpg
스팸에그버거,"3,200
",https://tqklhszfkvzk6518638.cdn.ntruss.com/product/8809383958494.jpg
스팸돈까스정식,"4,900
",https://tqklhszfkvzk6518638.cdn.ntruss.com/product/8809196617892.jpg
스팸토마토파스타,"4,500
",https://tqklhszfkvzk6518638.cdn.ntruss.com/product/8801771027997.jpg
스팸소보로덮밥,"4,500
",https://tqklhszfkvzk6518638.cdn.ntruss.com/product/8801771028178.jpg
착한쌀밥정식,"5,300
",https://tqklhszfkvzk6518638.cdn.ntruss.com/product/8801771027959.jpg
뚱실사라다샌드,"3,400
",https://tqklhszfkvzk6518638.cdn.ntruss.com/product/8809948340924.jpg
자이언트훈제오리냉채,"9,900
",https://tqklhszfkvzk6518638.cdn.ntruss.com/product/8801771027935.jpg
훈제오리김밥,"3,100
",https://tqklhszfkvzk6518638.cdn.ntruss.com/product/8809948340801.jpg
훈제오리간장삼각,"1,300
",https://tqklhszfkvzk6518638.cdn.ntruss.com/product/8809948340764.jpg
미피의햄코울슬로,"3,200
",https://tqklhszfkvzk6518638.cdn.ntruss.com/product/8809895799189.jpg
뉴크랩마요유부밥바,"2,200
",https://tqklhszfkvzk6518638.cdn.ntruss.com/product/8809383958456.jpg
훈제오리덮밥,"4,500
",https://tqklhszfkvzk6518638.cdn.ntruss.com/product/8801771027898.jpg
훈제오리보양샐러드,"5,600
",https://tqklhszfkvzk6518638.cdn.ntruss.com/product/8801771027812.jpg
통닭가슴살버거,"3,900
",https://tqklhszfkvzk6518638.cdn.ntruss.com/product/8809948340726.jpg
매콤닭가슴살정식,"4,900
",https://tqklhszfkvzk6518638.cdn.ntruss.com/product/8809196617816.jpg
자이언트치즈킹닭강정,"9,900
",https://tqklhszfkvzk6518638.cdn.ntruss.com/product/8801771027454.jpg
곡물샐러드,"5,500
",https://tqklhszfkvzk6518638.cdn.ntruss.com/product/8801771027751.jpg
가쓰오참치마요제주,"1,200
",https://tqklhszfkvzk6518638.cdn.ntruss.com/product/8809948340627.jpg
베이컨허브샐러드,"5,500
",https://tqklhszfkvzk6518638.cdn.ntruss.com/product/8801771027775.jpg
곤약누들닭가슴살샐러,"5,500
",https://tqklhszfkvzk6518638.cdn.ntruss.com/product/8801771027799.jpg
종가김치한상정식,"5,500
",https://tqklhszfkvzk6518638.cdn.ntruss.com/product/8809453267556.jpg
3XL종가김치돼지,"1,700
",https://tqklhszfkvzk6518638.cdn.ntruss.com/product/8809948340580.jpg
종가김치돼지김밥,"2,900
",https://tqklhszfkvzk6518638.cdn.ntruss.com/product/8809383958418.jpg
참치마요닭갈비제주,"2,000
",https://tqklhszfkvzk6518638.cdn.ntruss.com/product/8809948340566.jpg
종가아삭열무비빔밥,"4,500
",https://tqklhszfkvzk6518638.cdn.ntruss.com/product/8801771027676.jpg
종가열무김치비빔국수,"5,000
",https://tqklhszfkvzk6518638.cdn.ntruss.com/product/8801771027638.jpg
종가열무김치말이국수,"5,000
",https://tqklhszfkvzk6518638.cdn.ntruss.com/product/8801771027614.jpg
갈릭슈림프버거,"3,600
",https://tqklhszfkvzk6518638.cdn.ntruss.com/product/8809383958371.jpg
매콤불고기덮밥,"3,900
",https://tqklhszfkvzk6518638.cdn.ntruss.com/product/8801771027652.jpg
타코샐러드,"6,600
",https://tqklhszfkvzk6518638.cdn.ntruss.com/product/8809665560650.jpg
뚱실햄에그,"3,400
",https://tqklhszfkvzk6518638.cdn.ntruss.com/product/8809948340528.jpg
3XL뉴소고기전주비빔,"1,600
",https://tqklhszfkvzk6518638.cdn.ntruss.com/product/8809948340474.jpg
2XL뉴간장불고기,"1,500
",https://tqklhszfkvzk6518638.cdn.ntruss.com/product/8809948340399.jpg
더블더블버거,"3,900
",https://tqklhszfkvzk6518638.cdn.ntruss.com/product/8809692954477.jpg
퀴노아바베큐치킨샐러,"3,800
",https://tqklhszfkvzk6518638.cdn.ntruss.com/product/8801068915976.jpg
뉴백종원치즈함박,"3,600
",https://tqklhszfkvzk6518638.cdn.ntruss.com/product/8809383958050.jpg
어니언비프버거,"3,900
",https://tqklhszfkvzk6518638.cdn.ntruss.com/product/8809692954538.jpg
참치마요김치제육제주,"2,000
",https://tqklhszfkvzk6518638.cdn.ntruss.com/product/8809948340375.jpg
보성녹돈카츠버거,"3,600
",https://tqklhszfkvzk6518638.cdn.ntruss.com/product/8809948340337.jpg
아메리칸비프버거,"4,200
",https://tqklhszfkvzk6518638.cdn.ntruss.com/product/8809692954507.jpg
보성녹돈밥바,"2,500
",https://tqklhszfkvzk6518638.cdn.ntruss.com/product/8809383958333.jpg
보성녹돈돈까스파스타,"5,000
",https://tqklhszfkvzk6518638.cdn.ntruss.com/product/8801771027515.jpg
백종원비빔밥한줄,"2,900
",https://tqklhszfkvzk6518638.cdn.ntruss.com/product/8809948340146.jpg
3XL크랩참치마요삼각,"1,600
",https://tqklhszfkvzk6518638.cdn.ntruss.com/product/8809948340061.jpg
꽈리고추통살치킨,"3,900
",https://tqklhszfkvzk6518638.cdn.ntruss.com/product/8809692954446.jpg
자이언트삼색유부초밥,"5,900
",https://tqklhszfkvzk6518638.cdn.ntruss.com/product/8809453267518.jpg
치폴레치킨에그샐러드,"5,500
",https://tqklhszfkvzk6518638.cdn.ntruss.com/product/8801771027393.jpg
치킨포테이토참깨샐러,"5,500
",https://tqklhszfkvzk6518638.cdn.ntruss.com/product/8801771027379.jpg
매콤크림투움바파스타,"4,200
",https://tqklhszfkvzk6518638.cdn.ntruss.com/product/8801771027355.jpg
갈릭베이컨오일파스타,"4,200
",https://tqklhszfkvzk6518638.cdn.ntruss.com/product/8801771027331.jpg
동원리챔앤참치김치,"5,500
",https://tqklhszfkvzk6518638.cdn.ntruss.com/product/8809196617779.jpg
동원고추참치김밥,"2,900
",https://tqklhszfkvzk6518638.cdn.ntruss.com/product/8809948340108.jpg
페퍼로니에그마요,"4,200
",https://tqklhszfkvzk6518638.cdn.ntruss.com/product/8809895799226.jpg
페퍼로니핏짜버거,"3,800
",https://tqklhszfkvzk6518638.cdn.ntruss.com/product/8809802269163.jpg
3XL동원고추참치삼각,"1,600
",https://tqklhszfkvzk6518638.cdn.ntruss.com/product/8809453267471.jpg
바질치킨누들샐러드,"4,500
",https://tqklhszfkvzk6518638.cdn.ntruss.com/product/8801068914986.jpg
피크닉샌드버거,"3,800
",https://tqklhszfkvzk6518638.cdn.ntruss.com/product/8809692954415.jpg
백종원우삼겹한줄,"2,900
",https://tqklhszfkvzk6518638.cdn.ntruss.com/product/8809802268951.jpg
백종원우삼겹삼각,"1,200
",https://tqklhszfkvzk6518638.cdn.ntruss.com/product/8801771027157.jpg
루꼴라잠봉햄샌드,"4,900
",https://tqklhszfkvzk6518638.cdn.ntruss.com/product/8809453267341.jpg
블랙앵거스유부초밥,"4,200
",https://tqklhszfkvzk6518638.cdn.ntruss.com/product/8809802269019.jpg
블랙앵거스삼각김밥,"1,400
",https://tqklhszfkvzk6518638.cdn.ntruss.com/product/8801771027119.jpg
뉴대만식연유,"2,600
",https://tqklhszfkvzk6518638.cdn.ntruss.com/product/8809453267358.jpg
콥샐러드,"6,600
",https://tqklhszfkvzk6518638.cdn.ntruss.com/product/8809665560346.jpg
조로의바질페스토펜네,"4,500
",https://tqklhszfkvzk6518638.cdn.ntruss.com/product/8801771026976.jpg
한돈버거더클래식,"3,800
",https://tqklhszfkvzk6518638.cdn.ntruss.com/product/8801068915105.jpg
점보치즈불고기버거,"2,800
",https://tqklhszfkvzk6518638.cdn.ntruss.com/product/8809692954378.jpg
뉴빅클래식불고기버거,"3,400
",https://tqklhszfkvzk6518638.cdn.ntruss.com/product/8801771026891.jpg
백종원백반한판,"4,500
",https://tqklhszfkvzk6518638.cdn.ntruss.com/product/8809802268913.jpg
하루한끼샐러드시저,"1,800
",https://tqklhszfkvzk6518638.cdn.ntruss.com/product/8809142024057.jpg
고깃집맛한쌈김밥,"3,000
",https://tqklhszfkvzk6518638.cdn.ntruss.com/product/8809802268869.jpg
허니리코타치즈샐러드,"4,800
",https://tqklhszfkvzk6518638.cdn.ntruss.com/product/8809148599016.jpg
오리지널닭가슴살샐러,"4,800
",https://tqklhszfkvzk6518638.cdn.ntruss.com/product/8809148599009.jpg
콜라겐토마토치즈미니,"3,500
",https://tqklhszfkvzk6518638.cdn.ntruss.com/product/8801068913125.jpg
하프&하프샌드,"3,200
",https://tqklhszfkvzk6518638.cdn.ntruss.com/product/8809895799387.jpg
카프레제샐러드,"6,600
",https://tqklhszfkvzk6518638.cdn.ntruss.com/product/8809665560681.jpg
백종원바싹불고기한판,"4,500
",https://tqklhszfkvzk6518638.cdn.ntruss.com/product/8801771026778.jpg
크리스피치킨텐더샐러,"5,800
",https://tqklhszfkvzk6518638.cdn.ntruss.com/product/8801771026754.jpg
탄단지모짜치킨볼,"5,200
",https://tqklhszfkvzk6518638.cdn.ntruss.com/product/8801068914061.jpg
통밀햄,"3,300
",https://tqklhszfkvzk6518638.cdn.ntruss.com/product/8809895799349.jpg
햄에그치즈,"3,300
",https://tqklhszfkvzk6518638.cdn.ntruss.com/product/8809802268609.jpg
통밀베이컨,"3,300
",https://tqklhszfkvzk6518638.cdn.ntruss.com/product/8809802268579.jpg
아메리칸핫도그,"3,400
",https://tqklhszfkvzk6518638.cdn.ntruss.com/product/8809692954118.jpg
분짜샐러드,"6,600
",https://tqklhszfkvzk6518638.cdn.ntruss.com/product/8809665560490.jpg
리치리치콘치즈,"3,600
",https://tqklhszfkvzk6518638.cdn.ntruss.com/product/8809692954088.jpg
백종원제육한판,"4,500
",https://tqklhszfkvzk6518638.cdn.ntruss.com/product/8809196617618.jpg
통리챔참치마요밥바,"2,000
",https://tqklhszfkvzk6518638.cdn.ntruss.com/product/8809802268180.jpg
뚱실카츠샌드,"3,500
",https://tqklhszfkvzk6518638.cdn.ntruss.com/product/8809802267541.jpg
스팸데리마요밥바,"2,000
",https://tqklhszfkvzk6518638.cdn.ntruss.com/product/8809383957855.jpg
THE그린버거,"3,900
",https://tqklhszfkvzk6518638.cdn.ntruss.com/product/8809692954156.jpg
닭가슴살오리엔탈샐러,"4,800
",https://tqklhszfkvzk6518638.cdn.ntruss.com/product/8809142022800.jpg
시그니처불어묵김밥,"2,800
",https://tqklhszfkvzk6518638.cdn.ntruss.com/product/8809802268227.jpg
시그니처계란김밥,"2,800
",https://tqklhszfkvzk6518638.cdn.ntruss.com/product/8809453267273.jpg
시그니처돈까스김밥,"2,800
",https://tqklhszfkvzk6518638.cdn.ntruss.com/product/8809383957930.jpg
비프매콤크림파스타,"5,500
",https://tqklhszfkvzk6518638.cdn.ntruss.com/product/8801771026433.jpg
햄감자샐러드,"3,200
",https://tqklhszfkvzk6518638.cdn.ntruss.com/product/8809802268067.jpg
뚱실치킨샌드,"3,200
",https://tqklhszfkvzk6518638.cdn.ntruss.com/product/8809802267503.jpg
3XL뉴리치참치마요,"1,600
",https://tqklhszfkvzk6518638.cdn.ntruss.com/product/8809802267862.jpg
THE옐로버거,"3,900
",https://tqklhszfkvzk6518638.cdn.ntruss.com/product/8809692954057.jpg
참치마요소고기더블,"2,000
",https://tqklhszfkvzk6518638.cdn.ntruss.com/product/8809453267235.jpg
백종원미트볼파스타,"4,900
",https://tqklhszfkvzk6518638.cdn.ntruss.com/product/8801771026655.jpg
에그포테이토,"3,300
",https://tqklhszfkvzk6518638.cdn.ntruss.com/product/8809802268104.jpg
반숙에그샌드,"3,300
",https://tqklhszfkvzk6518638.cdn.ntruss.com/product/8809802268142.jpg
동원리챔정식,"4,600
",https://tqklhszfkvzk6518638.cdn.ntruss.com/product/8809802267626.jpg
백종원더블닭갈비정식,"4,900
",https://tqklhszfkvzk6518638.cdn.ntruss.com/product/8809196617533.jpg
간장불고기정식,"4,900
",https://tqklhszfkvzk6518638.cdn.ntruss.com/product/8809196617458.jpg
반반치불정식,"5,100
",https://tqklhszfkvzk6518638.cdn.ntruss.com/product/8801771026532.jpg
3XL서울식소불고기,"1,700
",https://tqklhszfkvzk6518638.cdn.ntruss.com/product/8801771026617.jpg
김치제육,"1,300
",https://tqklhszfkvzk6518638.cdn.ntruss.com/product/8809802267824.jpg
K오리지널불고기버거,"3,500
",https://tqklhszfkvzk6518638.cdn.ntruss.com/product/8809383957893.jpg
아몬드크랜베리치킨,"3,600
",https://tqklhszfkvzk6518638.cdn.ntruss.com/product/8809895799554.jpg
리챔마요김치볶음,"1,200
",https://tqklhszfkvzk6518638.cdn.ntruss.com/product/8801771026570.jpg
쵸파의스윗스윗샌드,"3,000
",https://tqklhszfkvzk6518638.cdn.ntruss.com/product/8809895799523.jpg
루피의주먹고기한상,"7,900
",https://tqklhszfkvzk6518638.cdn.ntruss.com/product/8809802267381.jpg
프랑키의미트칠리펜네,"5,500
",https://tqklhszfkvzk6518638.cdn.ntruss.com/product/8801771026396.jpg
우삼겹오리엔탈밀샐러,"5,800
",https://tqklhszfkvzk6518638.cdn.ntruss.com/product/8801771026310.jpg
뉴상하이스파이시버거,"2,800
",https://tqklhszfkvzk6518638.cdn.ntruss.com/product/8801068914207.jpg
딥치즈베이컨햄버거,"2,800
",https://tqklhszfkvzk6518638.cdn.ntruss.com/product/8801068914184.jpg
에그고소햄샌드,"2,500
",https://tqklhszfkvzk6518638.cdn.ntruss.com/product/8801068914177.jpg
케이준치킨샌드,"2,800
",https://tqklhszfkvzk6518638.cdn.ntruss.com/product/8801068914160.jpg
에그슬라이스샌드,"2,800
",https://tqklhszfkvzk6518638.cdn.ntruss.com/product/8801068914153.jpg
크래프트치즈딸기샌드,"2,800
",https://tqklhszfkvzk6518638.cdn.ntruss.com/product/8801068914146.jpg
3XL짜장햄계란마요,"1,600
",https://tqklhszfkvzk6518638.cdn.ntruss.com/product/8809802267428.jpg
3XL돈까스삼각,"1,600
",https://tqklhszfkvzk6518638.cdn.ntruss.com/product/8801771026457.jpg
너비아니데리삼각,"1,300
",https://tqklhszfkvzk6518638.cdn.ntruss.com/product/8809802267312.jpg
계란버터간장삼각,"1,400
",https://tqklhszfkvzk6518638.cdn.ntruss.com/product/8809383957770.jpg
매콤닭갈비삼각,"1,200
",https://tqklhszfkvzk6518638.cdn.ntruss.com/product/8801771026235.jpg
치킨마요덮밥,"3,900
",https://tqklhszfkvzk6518638.cdn.ntruss.com/product/8809453267112.jpg
백종원트리플포크삼각,"1,100
",https://tqklhszfkvzk6518638.cdn.ntruss.com/product/8809802267251.jpg
백종원트리플고기정식,"5,500
",https://tqklhszfkvzk6518638.cdn.ntruss.com/product/8809196617410.jpg
맵닭통살치킨버거,"3,900
",https://tqklhszfkvzk6518638.cdn.ntruss.com/product/8809692953968.jpg
시저샐러드,"6,600
",https://tqklhszfkvzk6518638.cdn.ntruss.com/product/8809665560476.jpg
콜라겐닭가슴살베리,"3,500
",https://tqklhszfkvzk6518638.cdn.ntruss.com/product/8801068913118.jpg
점보3단햄참치,"2,800
",https://tqklhszfkvzk6518638.cdn.ntruss.com/product/8809196617335.jpg
점보3단햄감자맛살,"2,800
",https://tqklhszfkvzk6518638.cdn.ntruss.com/product/8801771026136.jpg
T1매콤제육치즈핫도그,"3,600
",https://tqklhszfkvzk6518638.cdn.ntruss.com/product/8801771026051.jpg
이건가요치즈맛살,"2,700
",https://tqklhszfkvzk6518638.cdn.ntruss.com/product/8809895799639.jpg
이건가요샌드위치,"2,700
",https://tqklhszfkvzk6518638.cdn.ntruss.com/product/8809895799660.jpg
3XLT1맵달김치제육,"1,700
",https://tqklhszfkvzk6518638.cdn.ntruss.com/product/8801771025962.jpg
3XL청양참치김치볶음,"1,600
",https://tqklhszfkvzk6518638.cdn.ntruss.com/product/8809802266001.jpg
백종원로제파스타,"5,200
",https://tqklhszfkvzk6518638.cdn.ntruss.com/product/8801771025924.jpg
에그샐러드토스트,"3,500
",https://tqklhszfkvzk6518638.cdn.ntruss.com/product/8801068408980.jpg
리코타치즈샐러드,"4,800
",https://tqklhszfkvzk6518638.cdn.ntruss.com/product/8809142022817.jpg
리치골드스테이크버거,"3,500
",https://tqklhszfkvzk6518638.cdn.ntruss.com/product/8801068408829.jpg
백종원치즈함박파스타,"5,000
",https://tqklhszfkvzk6518638.cdn.ntruss.com/product/8801771025665.jpg
햅쌀가득반상,"5,900
",https://tqklhszfkvzk6518638.cdn.ntruss.com/product/8809196617014.jpg
토끼정햄계란마요,"1,700
",https://tqklhszfkvzk6518638.cdn.ntruss.com/product/8801771025580.jpg
생딸기페스츄리,"3,400
",https://tqklhszfkvzk6518638.cdn.ntruss.com/product/8809895799738.jpg
치즈케이준토스트,"3,500
",https://tqklhszfkvzk6518638.cdn.ntruss.com/product/8801068408539.jpg
월클우삼겹볼주먹밥,"2,400
",https://tqklhszfkvzk6518638.cdn.ntruss.com/product/8809802266377.jpg
스윗포테이토토스트,"3,500
",https://tqklhszfkvzk6518638.cdn.ntruss.com/product/8801068408553.jpg
월클자이언트닭강정,"9,900
",https://tqklhszfkvzk6518638.cdn.ntruss.com/product/8801771025320.jpg
야키토리묵닭대파유부,"4,200
",https://tqklhszfkvzk6518638.cdn.ntruss.com/product/8809802266285.jpg
탑티어통닭다리살버거,"3,500
",https://tqklhszfkvzk6518638.cdn.ntruss.com/product/8809802266124.jpg
백종원더블까스,"3,200
",https://tqklhszfkvzk6518638.cdn.ntruss.com/product/8801771025092.jpg
백종원더블까스정식,"5,000
",https://tqklhszfkvzk6518638.cdn.ntruss.com/product/8809453266597.jpg
대파불고기듬뿍김밥,"2,800
",https://tqklhszfkvzk6518638.cdn.ntruss.com/product/8809802265776.jpg
모두의급식소불고기,"5,300
",https://tqklhszfkvzk6518638.cdn.ntruss.com/product/8809196616697.jpg
뉴리치소고기전주,"1,100
",https://tqklhszfkvzk6518638.cdn.ntruss.com/product/8809453266399.jpg
빅페퍼직화불고기버거,"3,500
",https://tqklhszfkvzk6518638.cdn.ntruss.com/product/8801068405811.jpg
빅모짜직화불고기버거,"3,500
",https://tqklhszfkvzk6518638.cdn.ntruss.com/product/8801068405835.jpg
백종원고기2배정식,"4,800
",https://tqklhszfkvzk6518638.cdn.ntruss.com/product/8809802265479.jpg
모짜닭가슴미니샐러드,"3,500
",https://tqklhszfkvzk6518638.cdn.ntruss.com/product/8801068406009.jpg
치치버거,"3,000
",https://tqklhszfkvzk6518638.cdn.ntruss.com/product/8801068404999.jpg
빅통모짜비프버거,"3,500
",https://tqklhszfkvzk6518638.cdn.ntruss.com/product/8801068404524.jpg
통참치(확),"2,800
",https://tqklhszfkvzk6518638.cdn.ntruss.com/product/8809802265066.jpg
신제육볶음(확),"2,800
",https://tqklhszfkvzk6518638.cdn.ntruss.com/product/8809802265028.jpg
확실한불고기김밥(신),"2,800
",https://tqklhszfkvzk6518638.cdn.ntruss.com/product/8809383956490.jpg
확실한야채김밥(신),"2,800
",https://tqklhszfkvzk6518638.cdn.ntruss.com/product/8801771024439.jpg
창녕양파불고기버거,"3,200
",https://tqklhszfkvzk6518638.cdn.ntruss.com/product/8809692953227.jpg
스팸김치볶음(확),"2,800
",https://tqklhszfkvzk6518638.cdn.ntruss.com/product/8809802264977.jpg
대만식연유,"2,300
",https://tqklhszfkvzk6518638.cdn.ntruss.com/product/8809453265682.jpg
수반상,"5,800
",https://tqklhszfkvzk6518638.cdn.ntruss.com/product/8801771023920.jpg
3XL소고기전주비빔,"1,500
",https://tqklhszfkvzk6518638.cdn.ntruss.com/product/8809802263628.jpg
3XL치킨데리마요,"1,500
",https://tqklhszfkvzk6518638.cdn.ntruss.com/product/8801771023845.jpg
2XL베이컨참치마요,"1,500
",https://tqklhszfkvzk6518638.cdn.ntruss.com/product/8809802263215.jpg
참치마요&전주비빔,"2,000
",https://tqklhszfkvzk6518638.cdn.ntruss.com/product/8809802263253.jpg
2XL로제닭갈비,"1,400
",https://tqklhszfkvzk6518638.cdn.ntruss.com/product/8809802262911.jpg
백종원열탄제육불고기,"2,900
",https://tqklhszfkvzk6518638.cdn.ntruss.com/product/8801771023586.jpg
백종원2XL치즈제육,"1,500
",https://tqklhszfkvzk6518638.cdn.ntruss.com/product/8801771023449.jpg
계란샌드위치,"2,500
",https://tqklhszfkvzk6518638.cdn.ntruss.com/product/8809140575360.jpg
모짜치즈볼트리플버거,"3,400
",https://tqklhszfkvzk6518638.cdn.ntruss.com/product/8801068396300.jpg
고기듬뿍김치제육볶음,"3,900
",https://tqklhszfkvzk6518638.cdn.ntruss.com/product/8809802261013.jpg
참치가득유부초밥,"3,700
",https://tqklhszfkvzk6518638.cdn.ntruss.com/product/8809453263985.jpg
크랩가득유부초밥,"3,700
",https://tqklhszfkvzk6518638.cdn.ntruss.com/product/8809383954694.jpg
2XL스팸마요,"1,400
",https://tqklhszfkvzk6518638.cdn.ntruss.com/product/8801771022602.jpg
A1스테이크치즈버거,"2,800
",https://tqklhszfkvzk6518638.cdn.ntruss.com/product/8801068393101.jpg
디럭스스크램블버거,"3,400
",https://tqklhszfkvzk6518638.cdn.ntruss.com/product/8801068392869.jpg
흑임자치킨샐러드,"3,500
",https://tqklhszfkvzk6518638.cdn.ntruss.com/product/8801068388664.jpg
보성녹돈돈까스김밥,"2,400
",https://tqklhszfkvzk6518638.cdn.ntruss.com/product/8801771020837.jpg
닭가슴살샐러드170,"3,500
",https://tqklhszfkvzk6518638.cdn.ntruss.com/product/8809148593823.jpg
트리플불고기치즈버거,"2,700
",https://tqklhszfkvzk6518638.cdn.ntruss.com/product/8801068381801.jpg
에그가먼저닭샐러드,"3,500
",https://tqklhszfkvzk6518638.cdn.ntruss.com/product/8801068378887.jpg
치킨마요삼각김밥,"1,200
",https://tqklhszfkvzk6518638.cdn.ntruss.com/product/8809383952072.jpg
치킨찹찹샐러드,"3,500
",https://tqklhszfkvzk6518638.cdn.ntruss.com/product/8801068371857.jpg
